FIRETYPE,SEASON,FIRE_NO,NAME,START_DATE,STRTDATIT,TREAT_TYPE,FIREKEY,DSE_ID,CFA_ID,AREA_HA,latitude,longitude,WStation,Year,Month,Day
BUSHFIRE,2017,32,BARANDUDA - BARANDUDA RANGE TRACK,3/2/2017,20170302,FIRE,W201734032,920720,,0.157,-36.24690933,146.8746446,ALBURY AIRPORT AWS,2017,3,2
BUSHFIRE,2017,32,GLENROWAN RIDGE TRACK,12/20/2016,20161220,FIRE,W201737032,917222,,1.2163,-36.42070407,146.2147519,WANGARATTA AERO,2016,12,20
BUSHFIRE,2016,61,MT BRUNO - JONES RD,12/20/2015,20151220,FIRE,W201637061,887780,1552677,3.3494,-36.33900637,146.1519108,WANGARATTA AERO,2015,12,20
BUSHFIRE,2018,49,OVENS 49 - BEECHWORTH - WARNERS TRACK,1/23/2018,20180123,FIRE,W201834049,935865,,0.0724,-36.27098678,146.6278947,RUTHERGLEN RESEARCH,2018,1,23
BUSHFIRE,2016,2,BAILIESTON - REEDY LAKE,8/18/2015,20150818,FIRE,W2016992,,,13.9893,-36.71355704,145.0919874,SHEPPARTON AIRPORT,2015,8,18
BUSHFIRE,2017,35,KATAMATITE - FIELDS RD,12/21/2016,20161221,FIRE,W201737035,917308,,13.674,-36.03541885,145.6778623,YARRAWONGA,2016,12,21
BUSHFIRE,2016,,NSW - Granuaille Mountain,12/15/2015,20151215,FIRE,,,,232.4798,-36.43637144,148.1289845,CORRYONG AIRPORT,2015,12,15
BUSHFIRE,2016,11,GLEN WILLS - OMEO HIGHWAY,1/12/2016,20160112,FIRE,W201636011,890013,,1.501,-36.80410794,147.4850512,FALLS CREEK,2016,1,12
BUSHFIRE,2016,11,TUNGAMAH MAIN ROAD TUNGAMAH,9/29/2015,20150929,FIRE,W201637011,884977,,5.6913,-36.1602152,145.861147,YARRAWONGA,2015,9,29
BUSHFIRE,2016,119,YARRAWONGA- BOURKES BEND TWIN BRIDGE TRACK,1/28/2016,20160128,FIRE,W201637119,891407,,3.1523,-35.990025,145.8327532,YARRAWONGA,2016,1,28
BUSHFIRE,2016,12,WAHGUNYAH - RESERVE ROAD,11/26/2015,20151126,FIRE,W201634012,886401,,8.9297,-36.02114637,146.3887904,RUTHERGLEN RESEARCH,2015,11,26
BUSHFIRE,2016,13,BUCKLAND - GOLDIES SPUR,12/1/2015,20151201,FIRE,W201634013,886587,,0.1702,-36.81224573,146.8171755,EDI UPPER,2015,12,1
BUSHFIRE,2016,14,BONNIE DOON - KIERNANS RD,10/6/2015,20151006,FIRE,W201637014,885205,1539670,37.8932,-36.99001606,145.8783355,STRATHBOGIE,2015,10,6
BUSHFIRE,2016,14,CORRYONG - MT. TEMPEST,2/12/2016,20160212,FIRE,W201636014,892195,,6.7849,-36.46522538,148.0205922,CORRYONG AIRPORT,2016,2,12
BUSHFIRE,2016,16,ALEXANDRA - SWANN ROAD,12/14/2015,20151214,FIRE,W201638016,887147,,10.2652,-37.17953879,145.6889747,STRATHBOGIE,2015,12,14
BUSHFIRE,2016,16,FEATHERTOP - RAZORBACK NORTH,12/1/2015,20151201,FIRE,W201634016,886611,,1.0458,-36.86525876,147.1469774,FALLS CREEK,2015,12,1
BUSHFIRE,2016,62,EUROBIN CREEK TRACK,4/19/2016,20160419,FIRE,W201634062,899004,,5.7683,-36.67337179,146.8675606,EDI UPPER,2016,4,19
BUSHFIRE,2016,179,TOOLAMBA-UNION RD WEST,3/29/2016,20160329,FIRE,W201637179,897995,,2.0696,-36.50250001,145.3672184,SHEPPARTON AIRPORT,2016,3,29
BUSHFIRE,2016,19,MOUNT USEFUL - GREEN HILLS ROAD,1/1/2016,20160101,FIRE,W201644019,888436,,2.6809,-37.62501396,146.5173413,MOUNT BULLER,2016,1,1
BUSHFIRE,2016,2,ABBEYARD - CAMP CREEK TRACK,10/3/2015,20151003,FIRE,W201634002,885033,,10.5243,-36.93843687,146.7645006,EDI UPPER,2015,10,3
BUSHFIRE,2016,2,MOOROOPNA - COOMA TRK,7/4/2015,20150704,FIRE,W201637002,882364,,0.1326,-36.31778053,145.3585137,SHEPPARTON AIRPORT,2015,7,4
BUSHFIRE,2016,21,TOOLAMBA-WAUGH RD,10/22/2015,20151022,FIRE,W201637021,885577,,5.49,-36.45301492,145.355278,SHEPPARTON AIRPORT,2015,10,22
BUSHFIRE,2016,22,HASLERS RD,12/6/2015,20151206,FIRE,W201634022,886767,1549699,23.4887,-36.12393708,146.4886114,RUTHERGLEN RESEARCH,2015,12,6
BUSHFIRE,2016,22,WONNANGATTA - DRY RIVER,1/1/2016,20160101,FIRE,W201644022,888475,,10.2983,-37.18634194,146.8181592,MOUNT BULLER,2016,1,1
BUSHFIRE,2016,25,BARNAWARTHA - INDIGO CREEK ROAD,12/20/2015,20151220,FIRE,W201634025,887742,,6707.9164,-36.19573451,146.7328377,RUTHERGLEN RESEARCH,2015,12,20
BUSHFIRE,2016,25,CORRYONG BUNROY,4/3/2016,20160403,FIRE,W201636025,898290,,31.9161,-36.39526726,148.0358579,CORRYONG AIRPORT,2016,4,3
BUSHFIRE,2016,26,TALLANGATTA - PLATEAU ROAD,4/4/2016,20160404,FIRE,W201636026,898307,,2.5046,-36.17743536,147.2306825,ALBURY AIRPORT AWS,2016,4,4
BUSHFIRE,2016,3,BEECHWORTH - THREE MILE GRAVEL PITS,10/3/2015,20151003,FIRE,W201634003,885154,,0.368,-36.39705748,146.6778215,RUTHERGLEN RESEARCH,2015,10,3
BUSHFIRE,2016,33,EBDEN- MYERS HILL- CFA FIRE,1/4/2016,20160104,FIRE,W201634033,888654,,2.9491,-36.18839863,147.0235989,ALBURY AIRPORT AWS,2016,1,4
BUSHFIRE,2016,36,LENEVA - BREWERS RD,1/12/2016,20160112,FIRE,W201634036,890050,,142.3592,-36.22770558,146.8253159,ALBURY AIRPORT AWS,2016,1,12
BUSHFIRE,2016,38,"COBRAM - WONDAH ST, LITTLE TOMS",11/21/2015,20151121,FIRE,W201637038,886232,,4.5542,-35.90604649,145.6586336,YARRAWONGA,2015,11,21
BUSHFIRE,2016,46,MANSFIELD-RIFLE BUTTS RD,11/30/2015,20151130,FIRE,W201637046,886519,,0.2215,-37.08421019,146.0959661,MOUNT BULLER,2015,11,30
BUSHFIRE,2016,5,WANDILIGONG - MORSES CREEK ROAD,10/7/2015,20151007,FIRE,W201634005,885269,,7.551,-36.80064953,146.963707,FALLS CREEK,2015,10,7
BUSHFIRE,2016,50,BUNBARTHA-LOCH GARY,12/9/2015,20151209,FIRE,W201637050,886960,,36.8861,-36.22131289,145.3173461,SHEPPARTON AIRPORT,2015,12,9
BUSHFIRE,2016,51,MOOROOPNA NTH -MILNE TK,12/9/2015,20151209,FIRE,W201637051,886969,,2.5736,-36.33527566,145.3446505,SHEPPARTON AIRPORT,2015,12,9
BUSHFIRE,2016,52,FALLS CREEK-BUCKETY PLAIN,2/24/2016,20160224,FIRE,W201634052,895679,,2.0755,-36.95369933,147.3564903,FALLS CREEK,2016,2,24
BUSHFIRE,2016,52,TATONG - ODEAS ROAD,12/10/2015,20151210,FIRE,W201637052,887026,,0.2937,-36.69921061,146.1449056,BENALLA AIRPORT,2015,12,10
BUSHFIRE,2016,54,BENAMBRA - BELOKA ROAD,4/20/2016,20160420,FIRE,W201641054,899057,,15.6541,-36.833312,147.822561,DARTMOUTH RESERVOIR,2016,4,20
BUSHFIRE,2016,55,CHESHUNT SOUTH - MT VIEW,3/6/2016,20160306,FIRE,W201634055,896126,,3.4051,-36.89761933,146.4761976,EDI UPPER,2016,3,6
BUSHFIRE,2016,56,BOOROOLITE- DELATITE STATION,12/16/2015,20151216,FIRE,W201637056,887411,,18.5139,-37.10249775,146.1563375,MOUNT BULLER,2015,12,16
BUSHFIRE,2016,57,Benambra - Beloka Road 2,5/25/2016,20160525,FIRE,W201641054,283924,,0.5789,-36.83815232,147.8129206,DARTMOUTH RESERVOIR,2016,5,25
BUSHFIRE,2016,57,MOOROOPNA NORTH - DOUGAN ROAD,12/17/2015,20151217,FIRE,W201637057,887433,,0.987,-36.32230126,145.2954589,SHEPPARTON AIRPORT,2015,12,17
BUSHFIRE,2016,65,TUNNEL GAP ROAD,4/29/2016,20160429,FIRE,W201634065,899387,,0.7607,-36.43887068,146.9002648,ALBURY AIRPORT AWS,2016,4,29
BUSHFIRE,2016,66,MYRTLEFORD - MCCORMACKS LANE,4/29/2016,20160429,FIRE,W201634066,899392,,1.2293,-36.56604775,146.8416849,EDI UPPER,2016,4,29
BUSHFIRE,2016,58,Benambra - Beloka Road 3,5/25/2016,20160525,FIRE,W201641058,286716,,0.6802,-36.83586644,147.8132588,DARTMOUTH RESERVOIR,2016,5,25
BUSHFIRE,2016,59,Benambra - Beloka Road 4,5/25/2016,20160525,FIRE,W201641059,286717,,1.0397,-36.83339158,147.8176848,DARTMOUTH RESERVOIR,2016,5,25
BUSHFIRE,2016,60,SHEPPARTON - WANGANUI ROAD,12/20/2015,20151220,FIRE,W201637060,887718,,8.4482,-36.34951724,145.3789443,SHEPPARTON AIRPORT,2015,12,20
BUSHFIRE,2016,61,KERGUNYAH - JARVIS LANE,4/17/2016,20160417,FIRE,W201634061,898866,,25.3654,-36.32768413,146.9796065,ALBURY AIRPORT AWS,2016,4,17
BUSHFIRE,2016,61,MT BRUNO - JONES RD,12/20/2015,20151220,FIRE,W201637061,887780,1552677,0.1077,-36.34013465,146.1532531,WANGARATTA AERO,2015,12,20
BUSHFIRE,2016,63,MT BUGGERY,4/28/2016,20160428,FIRE,W201634063,899347,,16.8464,-36.90837652,146.7649697,EDI UPPER,2016,4,28
BUSHFIRE,2016,70,COOMBOONA - DEAD MAN`S TK,12/30/2015,20151230,FIRE,W201637070,888290,,0.9361,-36.26515983,145.3328532,SHEPPARTON AIRPORT,2015,12,30
BUSHFIRE,2016,73,MYRRHEE - FIFTEEN MILE CREEK CAMP,1/1/2016,20160101,FIRE,W201637073,888469,,0.0708,-36.70436902,146.2648718,EDI UPPER,2016,1,1
BUSHFIRE,2016,74,LIMA EAST - LIGHTNING RIDGE TRACK,1/2/2016,20160102,FIRE,W201637074,888571,,0.0542,-36.81624786,145.9768766,STRATHBOGIE,2016,1,2
BUSHFIRE,2016,75,LIMA EAST - LIGHTNING RIDGE TRACK - 2,1/2/2016,20160102,FIRE,W201637075,888579,,0.0293,-36.81739283,145.9766604,STRATHBOGIE,2016,1,2
BUSHFIRE,2016,999,GHIN GHIN RD,10/8/2015,20151008,FIRE,W201610999,,1539696,1.4518,-37.08569027,145.3055438,STRATHBOGIE,2015,10,8
BUSHFIRE,2017,30,KOTUPNA - FRASERS ROAD,12/20/2016,20161220,FIRE,W201737030,917198,,1.527,-36.16692145,145.1750137,SHEPPARTON AIRPORT,2016,12,20
BUSHFIRE,2017,1,LAKE BUFFALO - YARRARABULA CK RD,11/5/2016,20161105,FIRE,W201734001,915845,,3.4975,-36.75545621,146.6964246,EDI UPPER,2016,11,5
BUSHFIRE,2017,145,NATHALIA - SHEEPWASH CREEK,4/6/2017,20170406,FIRE,W201737145,922237,,4.4944,-36.10114193,145.188863,SHEPPARTON AIRPORT,2017,4,6
BUSHFIRE,2017,17,MERTON - GOLDSTRAWS RD,1/8/2017,20170108,FIRE,W201738017,918086,,13.6702,-37.01231174,145.695943,STRATHBOGIE,2017,1,8
BUSHFIRE,2017,199,WANGARATTA - PHILLIPSON STREET,5/15/2017,20170515,FIRE,W201737199,922893,,0.8577,-36.33178562,146.3135336,WANGARATTA AERO,2017,5,15
BUSHFIRE,2017,2,BENAMBRA - BELOKA ROAD 1,11/2/2016,20161102,FIRE,W201741002,915799,,0.0245,-36.80487229,147.8773178,DARTMOUTH RESERVOIR,2016,11,2
BUSHFIRE,2017,2,BENAMBRA - BELOKA ROAD 1,11/2/2016,20161102,FIRE,W201741002,915799,,0.3003,-36.8025458,147.8820213,DARTMOUTH RESERVOIR,2016,11,2
BUSHFIRE,2017,2,BENAMBRA - BELOKA ROAD 1,11/2/2016,20161102,FIRE,W201741002,915799,,0.057,-36.80003288,147.8856187,DARTMOUTH RESERVOIR,2016,11,2
BUSHFIRE,2017,2,BENAMBRA - BELOKA ROAD 1,11/2/2016,20161102,FIRE,W201741002,915799,,0.5237,-36.79898957,147.8873818,DARTMOUTH RESERVOIR,2016,11,2
BUSHFIRE,2017,20,TARNOOK-BURNESS ROAD,12/10/2016,20161210,FIRE,W201737020,916738,,20.8867,-36.51475283,145.8959512,BENALLA AIRPORT,2016,12,10
BUSHFIRE,2017,22,MITTA MITTA - CALLAGHAN CREEK TRACK,2/19/2017,20170219,FIRE,W201736022,919952,,0.7152,-36.3959413,147.4248216,DARTMOUTH RESERVOIR,2017,2,19
BUSHFIRE,2017,3,LENEVA - WARDS TRACK,12/4/2016,20161204,FIRE,W201734003,916550,,0.0772,-36.24010315,146.8614721,ALBURY AIRPORT AWS,2016,12,4
BUSHFIRE,2017,43,Omeo - Kosciusko Lookout,1/23/2017,20170123,FIRE,W20171043,751243,,0.1061,-37.12732175,147.5341743,FALLS CREEK,2017,1,23
BUSHFIRE,2017,43,Omeo - Kosciusko Lookout,1/23/2017,20170123,FIRE,W20171043,751243,,0.0629,-37.12704487,147.533414,FALLS CREEK,2017,1,23
BUSHFIRE,2017,5,INDIGO VALLEY - LONG GULLY RD,12/12/2016,20161212,FIRE,W201734005,916759,,12.5973,-36.16953714,146.7642474,ALBURY AIRPORT AWS,2016,12,12
BUSHFIRE,2017,6,CHILTERN - BARAMBOGIE RD,12/20/2016,20161220,FIRE,W201734006,917242,,0.5951,-36.20234474,146.5640509,RUTHERGLEN RESEARCH,2016,12,20
BUSHFIRE,2017,6,TANGAMBALANGA - GENTLE ROAD,1/1/2017,20170101,FIRE,W201736006,917693,1610247,145.5406,-36.25987379,147.0625498,ALBURY AIRPORT AWS,2017,1,1
BUSHFIRE,2017,65,MOOROOPNA - PYKE RD,1/8/2017,20170108,FIRE,W201737065,918075,,1.9466,-36.42422832,145.3513731,SHEPPARTON AIRPORT,2017,1,8
BUSHFIRE,2017,72,COOMBOONA-THOMPSON TK,1/20/2017,20170120,FIRE,W201737072,918401,,8.6153,-36.27255618,145.3255713,SHEPPARTON AIRPORT,2017,1,20
BUSHFIRE,2017,8,BEECHWORTH - FLAT ROCK CONTROL,1/4/2017,20170104,FIRE,W201734008,917813,,21.9425,-36.3522582,146.6376108,RUTHERGLEN RESEARCH,2017,1,4
BUSHFIRE,2017,999,LURG - BOSTOCK ROAD,11/30/2016,20161130,FIRE,W201705999,,1603888,7.1372,-36.60956765,146.1542686,BENALLA AIRPORT,2016,11,30
BUSHFIRE,2018,103,GOULBURN 103 - WINTON - LURG RD,1/7/2018,20180107,FIRE,W201837103,934267,,82.9671,-36.53824978,146.0891299,BENALLA AIRPORT,2018,1,7
BUSHFIRE,2018,20,TAMBO 20 - BUNDARA - EMU CREEK TRACK,11/13/2017,20171113,FIRE,W201841020,931203,,0.1308,-37.02132002,147.4685516,FALLS CREEK,2017,11,13
BUSHFIRE,2018,20,UPPER MURRAY 20 - TALLANGATTA SOUTH - WRIGHTS,1/23/2018,20180123,FIRE,W201836020,935871,,0.4189,-36.292961,147.2950193,HUNTERS HILL,2018,1,23
BUSHFIRE,2018,105,GOULBURN 105 - THE PINNACLE - PINNACLE TK,1/8/2018,20180108,FIRE,W201837105,934283,,0.7873,-37.08617657,146.3927481,MOUNT BULLER,2018,1,8
BUSHFIRE,2018,107,GOULBURN 107 - BARRAGUNDA - GONZAGA RIDGE TRACK,1/9/2018,20180109,FIRE,W201837107,934455,,0.0719,-37.01009745,146.3010404,MOUNT BULLER,2018,1,9
BUSHFIRE,2018,129,GOULBURN 129 - SWANPOOL - WARNOCK RD,1/22/2018,20180122,FIRE,W201837129,935764,,30.4868,-36.78612296,146.0333264,STRATHBOGIE,2018,1,22
BUSHFIRE,2018,136,GOULBURN 136 - KITHBROOK - SUGARLOAF ROAD,1/25/2018,20180125,FIRE,W201837136,936080,,3.3195,-36.80915642,145.6811025,STRATHBOGIE,2018,1,25
BUSHFIRE,2018,150,GOULBURN 150 - BUNDALONG - BUNDALONG,2/9/2018,20180209,FIRE,W201837150,937030,,3.2329,-36.01463329,146.1318486,YARRAWONGA,2018,2,9
BUSHFIRE,2018,16,UPPER MURRAY 16 - ESKDALE - SMYTHES ROAD,1/8/2018,20180108,FIRE,W201836016,934312,,0.2294,-36.52247064,147.1941629,DARTMOUTH RESERVOIR,2018,1,8
BUSHFIRE,2018,171,GOULBURN 171 - BOOROLITE - DESMONDS ROAD,3/11/2018,20180311,FIRE,W201837171,937949,,2.0452,-37.16772661,146.2388003,MOUNT BULLER,2018,3,11
BUSHFIRE,2018,25,UPPER MURRAY 25 - BURROWYE - MT ALFRED,1/29/2018,20180129,FIRE,W201836025,936641,,16.1833,-36.01569814,147.5860283,HUNTERS HILL,2018,1,29
BUSHFIRE,2018,17,UPPER MURRAY 17 - DARTMOUTH - GIBB RANGE,1/8/2018,20180108,FIRE,W201836017,934326,,0.0434,-36.45824508,147.6868183,DARTMOUTH RESERVOIR,2018,1,8
BUSHFIRE,2018,19,MACALISTER 19 - HOTHAM HEIGHTS - DARGO HIGH PLAINS ROAD,11/23/2017,20171123,FIRE,W201844019,931569,,17.8343,-37.03999574,147.0771137,FALLS CREEK,2017,11,23
BUSHFIRE,2018,198,GOULBURN 198 - PEECHELBA - LOOP TRACK,4/1/2018,20180401,FIRE,W201837198,938988,,1.6063,-36.13253524,146.2393662,YARRAWONGA,2018,4,1
BUSHFIRE,2018,21,UPPER MURRAY 21 - GRANYA - MT GRANYA RD,1/24/2018,20180124,FIRE,W201836021,935968,,0.2273,-36.13031121,147.273193,HUNTERS HILL,2018,1,24
BUSHFIRE,2018,257,GOULBURN 257 - THOONA - THOONA-BOWEYA RD,4/12/2018,20180412,FIRE,W201837257,939741,,169.0988,-36.31267188,146.1027891,WANGARATTA AERO,2018,4,12
BUSHFIRE,2018,229,GOULBURN 229 - BUNBARTHA - LOCH GARRY,4/3/2018,20180403,FIRE,W201837229,939284,,18.338,-36.22818224,145.3045861,SHEPPARTON AIRPORT,2018,4,3
BUSHFIRE,2018,23,MACALISTER 23 - CROOKED RIVER - SAWMILL SPUR TRACK,11/24/2017,20171124,FIRE,W201844023,931670,,4.233,-37.23486397,147.1656183,FALLS CREEK,2017,11,24
BUSHFIRE,2018,23,TAMBO 23 - OMEO - GROVES GAP ROAD,11/14/2017,20171114,FIRE,W201841023,931264,,0.1288,-37.24756015,147.4241318,FALLS CREEK,2017,11,14
BUSHFIRE,2018,271,GOULBURN 271 - BUNGEET - BUNGEET ROAD,5/3/2018,20180503,FIRE,W201837271,940198,,53.043,-36.3670411,145.9964487,BENALLA AIRPORT,2018,5,3
BUSHFIRE,2018,3,UPPER MURRAY 3 - TALLANGATTA VALLEY - BUCHEEN CREEK,9/25/2017,20170925,FIRE,W201836003,930267,,18.7125,-36.42532234,147.6307764,DARTMOUTH RESERVOIR,2017,9,25
BUSHFIRE,2018,37,UPPER MURRAY 37 - NARIEL VALLEY - MURTAGHS TRACK,4/7/2018,20180407,FIRE,W201836037,939529,,1.608,-36.45685375,147.713002,DARTMOUTH RESERVOIR,2018,4,7
BUSHFIRE,2018,36,UPPER MURRAY 36 - NARIEL VALLEY - GIBB RANGE,4/7/2018,20180407,FIRE,W201836036,939527,,12.2034,-36.45946717,147.7348053,DARTMOUTH RESERVOIR,2018,4,7
BUSHFIRE,2018,38,MACALISTER 38 - TALBOTVILLE - MOROKA JUNCTION TRACK,1/11/2018,20180111,FIRE,W201844038,934670,,5.1536,-37.31249423,146.8887501,MOUNT BULLER,2018,1,11
BUSHFIRE,2018,4,UPPER MURRAY 4 - TALLANGATTA VALLEY - WYEEBO,10/1/2017,20171001,FIRE,W201836004,930442,,2.8412,-36.31276302,147.4472876,HUNTERS HILL,2017,10,1
BUSHFIRE,2018,44,OVENS 44 - MT BEAUTY - SIMMONDS GAP,1/22/2018,20180122,FIRE,W201834044,935685,,10.0297,-36.75928532,147.1011148,FALLS CREEK,2018,1,22
BUSHFIRE,2018,45,OVENS 45 - KANCOONA STH - MORGAN CREEK,1/22/2018,20180122,FIRE,W201834045,935689,,1.0273,-36.61519785,146.989932,DARTMOUTH RESERVOIR,2018,1,22
BUSHFIRE,2018,41,UPPER MURRAY 41 - SANDY CREEK - SANDY CREEK TRACK,5/3/2018,20180503,FIRE,W201836041,940192,,13.5103,-36.40564808,147.1266816,DARTMOUTH RESERVOIR,2018,5,3
BUSHFIRE,2018,42,MACALISTER 42 - CALEDONIA - BUTCHER COUNTRY,1/25/2018,20180125,FIRE,W201844042,936109,,0.491,-37.41754082,146.6292118,MOUNT BULLER,2018,1,25
BUSHFIRE,2018,43,MACALISTER 43 - ZEKA CREEK - BICENTENNIAL TRAIL,1/26/2018,20180126,FIRE,W201844043,936241,,2.0485,-37.21197286,146.730251,MOUNT BULLER,2018,1,26
BUSHFIRE,2018,46,OVENS 46 - DANDONGADALE - BUGGERY TRACK,1/22/2018,20180122,FIRE,W201834046,935695,,5.0322,-36.84411429,146.7595701,EDI UPPER,2018,1,22
BUSHFIRE,2018,48,MACALISTER 48 - TALBOTVILLE - MCMILLIANS ROAD,1/27/2018,20180127,FIRE,W201844048,936408,,0.2547,-37.32800693,147.1212496,FALLS CREEK,2018,1,27
BUSHFIRE,2018,48,OVENS 48 - MT BEAUTY -,1/23/2018,20180123,FIRE,W201834048,935854,,0.0656,-36.69876649,147.2407344,FALLS CREEK,2018,1,23
BUSHFIRE,2018,50,GOULBURN 50 - BOWEYA - WANGANDARY ROAD,12/8/2017,20171208,FIRE,W201837050,932646,,654.9106,-36.28412663,146.1581358,YARRAWONGA,2017,12,8
BUSHFIRE,2018,50,OVENS 50 - BEECHWORTH - GIDLEYS TRACK,1/23/2018,20180123,FIRE,W201834050,935882,,0.0724,-36.26130646,146.6323338,RUTHERGLEN RESEARCH,2018,1,23
BUSHFIRE,2018,51,OVENS 51 - ELDORADO - REEDY CREEK ROAD,1/24/2018,20180124,FIRE,W201834051,935952,,0.2016,-36.29302783,146.5941476,RUTHERGLEN RESEARCH,2018,1,24
BUSHFIRE,2018,94,OVENS 94 - YACKANDANDAH - DEDARANG RD,5/3/2018,20180503,FIRE,W201834094,940205,,3.5699,-36.45291677,146.9385447,ALBURY AIRPORT AWS,2018,5,3
BUSHFIRE,2018,56,MACALISTER 56 - TAMBORITHA - DINGO HILL TRACK,2/27/2018,20180227,FIRE,W201844056,937417,,9763.5224,-37.36227996,146.7073835,MOUNT BULLER,2018,2,27
BUSHFIRE,2018,57,MACALISTER 57 - DINNER PLAIN - KING SPUR TK,3/11/2018,20180311,FIRE,W201844057,937932,,0.4106,-37.10426451,147.2500759,FALLS CREEK,2018,3,11
BUSHFIRE,2018,6,TAMBO 6 - OMEO - OMEO CEMETERY,9/18/2017,20170918,FIRE,W201841006,930176,,1.5184,-37.10210026,147.6023466,FALLS CREEK,2017,9,18
BUSHFIRE,2018,65,OVENS 65 - CHILTERN - SKELETON HILL,2/27/2018,20180227,FIRE,W201834065,937455,,0.0074,-36.17607618,146.6489714,RUTHERGLEN RESEARCH,2018,2,27
BUSHFIRE,2018,66,OVENS 66 - MYRRHEE - BOGGY CREEK RD,2/28/2018,20180228,FIRE,W201834066,937481,,13.6205,-36.7311634,146.3575027,EDI UPPER,2018,2,28
BUSHFIRE,2018,66,OVENS 66 - MYRRHEE - BOGGY CREEK RD,2/28/2018,20180228,FIRE,W201834066,937481,,672.9992,-36.72428669,146.3666052,EDI UPPER,2018,2,28
BUSHFIRE,2018,999,BELLBRIDGE CONTROL,2/5/2018,20180205,FIRE,W201816999,,1670963,13.4713,-36.10295212,147.0658485,ALBURY AIRPORT AWS,2018,2,5
BUSHFIRE,2018,999,BUTTERCUP RD,3/17/2018,20180317,FIRE,W201805999,,1680249,4.1817,-37.07946974,146.2507924,MOUNT BULLER,2018,3,17
BUSHFIRE,2018,75,MACALISTER 75 - ARBUCKLE - DOOLANS PLAIN ROAD,4/8/2018,20180408,FIRE,W201844075,939553,,0.0417,-37.38790419,146.816635,MOUNT BULLER,2018,4,8
BUSHFIRE,2018,8,UPPER MURRAY 8 - CORRYONG - MURTAGH`S CREEK,11/24/2017,20171124,FIRE,W201836008,931690,,2.2894,-36.46276304,147.7291746,DARTMOUTH RESERVOIR,2017,11,24
BUSHFIRE,2018,94,OVENS 94 - YACKANDANDAH - DEDARANG RD,5/3/2018,20180503,FIRE,W201834094,940205,,1.4127,-36.4555539,146.9356327,ALBURY AIRPORT AWS,2018,5,3
BUSHFIRE,2018,94,OVENS 94 - YACKANDANDAH - DEDARANG RD,5/3/2018,20180503,FIRE,W201834094,940205,,0.8457,-36.45555954,146.9378773,ALBURY AIRPORT AWS,2018,5,3
BUSHFIRE,2018,94,OVENS 94 - YACKANDANDAH - DEDARANG RD,5/3/2018,20180503,FIRE,W201834094,940205,,2.0368,-36.45445871,146.9336919,ALBURY AIRPORT AWS,2018,5,3
BUSHFIRE,2018,94,OVENS 94 - YACKANDANDAH - DEDARANG RD,5/3/2018,20180503,FIRE,W201834094,940205,,0.9895,-36.4534958,146.9406374,ALBURY AIRPORT AWS,2018,5,3
BUSHFIRE,2018,88,OVENS 88 - DANDONGADALE - YARRARABULA CREEK,4/12/2018,20180412,FIRE,W201834088,939731,,25.3162,-36.85969848,146.7880176,EDI UPPER,2018,4,12
BUSHFIRE,2018,88,OVENS 88 - DANDONGADALE - YARRARABULA CREEK,4/12/2018,20180412,FIRE,W201834088,939731,,573.6883,-36.84376119,146.7665047,EDI UPPER,2018,4,12
BUSHFIRE,2018,MACALISTER19,HOTHAM HEIGHTS -DARGO HIGH PLAINS ROAD,11/27/2017,20171127,FIRE,W201844019,,,9.0505,-37.04232331,147.0666141,FALLS CREEK,2017,11,27
BUSHFIRE,2018,TAMBO14,BINGO-TICE RD,10/1/2017,20171001,FIRE,W201841014,,,3.6494,-37.03831376,147.5294925,FALLS CREEK,2017,10,1
BUSHFIRE,2019,,NSW - KNP5,2/23/2019,20190223,FIRE,,,,1372.5174,-36.09469127,148.1788762,CORRYONG AIRPORT,2019,2,23
BUSHFIRE,2019,100,MACALISTER 100 - SNOWY RANGE - HOWITT ROAD,3/1/2019,20190301,FIRE,W201944100,961119,,182.8544,-37.25291616,146.6870638,MOUNT BULLER,2019,3,1
BUSHFIRE,2019,114,TAMBO 114 - BENAMBRA - JOHNNIES TOP,3/5/2019,20190305,FIRE,W201941114,962011,,12.9055,-36.7496944,147.8328132,DARTMOUTH RESERVOIR,2019,3,5
BUSHFIRE,2019,101,GOULBURN 101 - KIALLA - MOIRA DRIVE,11/25/2018,20181125,FIRE,W201937101,954738,,11.7241,-36.48449704,145.3705818,SHEPPARTON AIRPORT,2018,11,25
BUSHFIRE,2019,102,MACALISTER 102 - KING BILLY - MACALISTER RIVER,3/1/2019,20190301,FIRE,W201944102,961172,,253.2291,-37.24409423,146.6200241,MOUNT BULLER,2019,3,1
BUSHFIRE,2019,107,OVENS 107 - DANDONGADALE  - MCCREADY TRACK,3/15/2019,20190315,FIRE,W201934107,963196,,2671.2696,-36.88364299,146.5776554,EDI UPPER,2019,3,15
BUSHFIRE,2019,107,OVENS 107 - DANDONGADALE  - MCCREADY TRACK,3/15/2019,20190315,FIRE,W201934107,963196,,0.5062,-36.87009503,146.6104698,EDI UPPER,2019,3,15
BUSHFIRE,2019,108,TAMBO 108 - COBUNGRA - WEST HILL TRACK,3/4/2019,20190304,FIRE,W201941108,961888,,16.6389,-37.16512183,147.3848388,FALLS CREEK,2019,3,4
BUSHFIRE,2019,11,OVENS 11 - ABBEYARD - SCHULTZ TRACK,10/1/2018,20181001,FIRE,W201934011,951844,,162.6768,-36.99189292,146.8186214,FALLS CREEK,2018,10,1
BUSHFIRE,2019,111,GOULBURN 111 - TOOLAMBA-SHEPPARTON REGIONAL PARK - RIVER TRACK,12/23/2018,20181223,FIRE,W201937111,956014,,0.984,-36.45172486,145.362993,SHEPPARTON AIRPORT,2018,12,23
BUSHFIRE,2019,115,MURRINDINDI 115 - BIG RIVER SF - GILLETTS  SPUR,2/3/2019,20190203,FIRE,W201938115,959849,,2.0453,-37.39724974,146.0190105,MOUNT BULLER,2019,2,3
BUSHFIRE,2019,115,OVENS 115 - BARANDUDA  - GLASS LANE,3/22/2019,20190322,FIRE,W201934115,963844,,0.7811,-36.26354143,146.8730756,ALBURY AIRPORT AWS,2019,3,22
BUSHFIRE,2019,116,OVENS 116 - ELDORADO - MASONS TRACK,3/22/2019,20190322,FIRE,W201934116,963864,,0.9092,-36.337972,146.5511239,RUTHERGLEN RESEARCH,2019,3,22
BUSHFIRE,2019,121,OVENS 121 - BARANDUDA  - HODGSONS LANE,4/10/2019,20190410,FIRE,W201934121,965134,,0.984,-36.2816475,146.8541431,ALBURY AIRPORT AWS,2019,4,10
BUSHFIRE,2019,13,OVENS 13 - ABBEYARDS  - WORSELDINE TRACK,10/2/2018,20181002,FIRE,W201934013,951897,,7.5165,-36.89947232,146.6927975,EDI UPPER,2018,10,2
BUSHFIRE,2019,42,GOULBURN 42 - LAVIS TRACK NORTH PEECHALBA - NORTH PEECHALBA,10/4/2018,20181004,FIRE,W201937042,951972,,0.1767,-36.14379541,146.2162724,YARRAWONGA,2018,10,4
BUSHFIRE,2019,124,MURRINDINDI 124 - BIG RIVER SF - DRY CREEK HILL,2/6/2019,20190206,FIRE,W201938124,960270,,0.0241,-37.2821852,145.8822959,STRATHBOGIE,2019,2,6
BUSHFIRE,2019,132,GOULBURN 132 - YARRAWONGA - YARRAWONGA REGIONAL PARK - LOOP TRACK,1/1/2019,20190101,FIRE,W201937132,956527,,0.984,-36.00961192,145.976905,YARRAWONGA,2019,1,1
BUSHFIRE,2019,135,MURRINDINDI 135 - BLACK RANGE - WILLIAMSONS TRACK,3/1/2019,20190301,FIRE,W201938135,961280,,0.8636,-37.22904809,145.5554925,STRATHBOGIE,2019,3,1
BUSHFIRE,2019,14,OVENS 14 - ABBEYARDS  - COBBLER LAKE TRACK,10/2/2018,20181002,FIRE,W201934014,951903,,25.5219,-36.92375416,146.7143451,EDI UPPER,2018,10,2
BUSHFIRE,2019,141,MURRINDINDI 141 - CAVEAT - MOORES ROAD,3/1/2019,20190301,FIRE,W201938141,961398,,20.8091,-37.04341058,145.455069,STRATHBOGIE,2019,3,1
BUSHFIRE,2019,15,OVENS 15 - ABBEYARDS - CAMP CREEK TRACK,10/2/2018,20181002,FIRE,W201934015,951906,,1.4116,-36.93792957,146.7345745,EDI UPPER,2018,10,2
BUSHFIRE,2019,145,MURRINDINDI 145 - LIMESTONE - MONKEY CRK ROAD,3/2/2019,20190302,FIRE,W201938145,961518,,4.1698,-37.24357168,145.5497984,STRATHBOGIE,2019,3,2
BUSHFIRE,2019,150,MURRAY GOLDFIELDS 150 - WYUNA - ALFRED RD,4/4/2019,20190404,FIRE,W201921150,964879,,0.995,-36.1677494,145.0598585,SHEPPARTON AIRPORT,2019,4,4
BUSHFIRE,2019,150,MURRINDINDI 150 - JAMIESON - BALD HILL,3/5/2019,20190305,FIRE,W201938150,962152,,0.0524,-37.28491483,146.0900089,MOUNT BULLER,2019,3,5
BUSHFIRE,2019,152,GOULBURN 152 - GOUGHS BAY - MAINTENGOON INLET,1/7/2019,20190107,FIRE,W201937152,957074,,0.0763,-37.13369965,145.8995819,STRATHBOGIE,2019,1,7
BUSHFIRE,2019,165,GOULBURN 165 - MT BULLER - LITTLE MOUNT BULLER,1/17/2019,20190117,FIRE,W201937165,957679,,13.2419,-37.17255477,146.4308566,MOUNT BULLER,2019,1,17
BUSHFIRE,2019,169,MURRINDINDI 169 - GOBUR - BUSHLAND RESERVE/NTH BLACK RANGE 1,3/22/2019,20190322,FIRE,W201938169,963831,,3.859,-37.04491661,145.5740074,STRATHBOGIE,2019,3,22
BUSHFIRE,2019,170,GOULBURN 170 - HOWQUA - DUNGEON GULLY,1/25/2019,20190125,FIRE,W201937170,958400,,57.8037,-37.21481646,146.2064243,MOUNT BULLER,2019,1,25
BUSHFIRE,2019,170,MURRINDINDI 170 - TERRIP TERRIP - TERRIP TERRIP BUSHLAND RESERVE 2,3/22/2019,20190322,FIRE,W201938170,963834,,1.9836,-37.02955464,145.572253,STRATHBOGIE,2019,3,22
BUSHFIRE,2019,171,GOULBURN 171 - DAVIS ROAD BOHO - DAVIS RD BOHO,1/25/2019,20190125,FIRE,W201937171,958420,,8.8661,-36.66018163,145.8177127,STRATHBOGIE,2019,1,25
BUSHFIRE,2019,171,GOULBURN 171 - DAVIS ROAD BOHO - DAVIS RD BOHO,1/25/2019,20190125,FIRE,W201937171,958420,,1.5497,-36.65673048,145.8223393,STRATHBOGIE,2019,1,25
BUSHFIRE,2019,172,GOULBURN 172 - OAK VALLEY RD UPTON HILL - OAK VALLEY RD UPTON HILL,1/25/2019,20190125,FIRE,W201937172,958425,,104.8166,-36.88007136,145.3942397,STRATHBOGIE,2019,1,25
BUSHFIRE,2019,26,MURRAY GOLDFIELDS 26 - WYUNA - MURRUMBIGEE ROAD,10/30/2018,20181030,FIRE,W201921026,952726,,1.9899,-36.157238,145.0234364,SHEPPARTON AIRPORT,2018,10,30
BUSHFIRE,2019,173,GOULBURN 173 - WOODS POINT - CHAMPION SPUR TRACK,1/26/2019,20190126,FIRE,W201937173,958575,,10.1286,-37.551869,146.3347539,MOUNT BULLER,2019,1,26
BUSHFIRE,2019,19,OVENS 19 - ABBEYARDS - WORSELDINE TRACK 2,10/17/2018,20181017,FIRE,W201934019,952549,,0.8635,-36.89828076,146.6893606,EDI UPPER,2018,10,17
BUSHFIRE,2019,18,OVENS 18 - TAWONGA - MOUNTAIN CREEK RD,10/15/2018,20181015,FIRE,W201934018,952480,,2.3798,-36.7039657,147.2294644,FALLS CREEK,2018,10,15
BUSHFIRE,2019,18,UPPER MURRAY 18 - CUDGEWA - HINCES SADDLE,12/31/2018,20181231,FIRE,W201936018,956352,,0.5532,-36.12104694,147.6882325,CORRYONG AIRPORT,2018,12,31
BUSHFIRE,2019,19,OVENS 19 - ABBEYARDS - WORSELDINE TRACK 2,10/17/2018,20181017,FIRE,W201934019,952549,,12.6007,-36.90599673,146.6887539,EDI UPPER,2018,10,17
BUSHFIRE,2019,198,GOULBURN 198 - RUFFY BOATHOLE ROAD CAVEAT - BOAT HOLE ROAD CAVEAT,1/31/2019,20190131,FIRE,W201937198,959282,,91.3026,-37.00307357,145.4941215,STRATHBOGIE,2019,1,31
BUSHFIRE,2019,26,OVENS 26 - WOORAGEE - STAR LANE,10/31/2018,20181031,FIRE,W201934026,952761,,0.0426,-36.31909554,146.7585368,RUTHERGLEN RESEARCH,2018,10,31
BUSHFIRE,2019,20,MACALISTER 20 - HOWITT PLAINS - BUTCHER COUNTRY TRACK,12/1/2018,20181201,FIRE,W201944020,955108,,1.8526,-37.21532015,146.6884993,MOUNT BULLER,2018,12,1
BUSHFIRE,2019,202,GOULBURN 202 - BONNIE DOON - WOOLSHED RD,2/1/2019,20190201,FIRE,W201937202,959434,1733581,0.6354,-37.06212977,145.8312134,STRATHBOGIE,2019,2,1
BUSHFIRE,2019,206,GOULBURN 206 - MOLKA - CULLENS RD,2/4/2019,20190204,FIRE,W201937206,960029,,12.1339,-36.69762868,145.3427431,SHEPPARTON AIRPORT,2019,2,4
BUSHFIRE,2019,42,GOULBURN 42 - LAVIS TRACK NORTH PEECHALBA - NORTH PEECHALBA,10/4/2018,20181004,FIRE,W201937042,951972,,0.5099,-36.14373952,146.2110273,YARRAWONGA,2018,10,4
BUSHFIRE,2019,211,GOULBURN 211 - KNOCKWOOD - FLOURBAG HILL,2/6/2019,20190206,FIRE,W201937211,960301,,0.7116,-37.42196061,146.2075175,MOUNT BULLER,2019,2,6
BUSHFIRE,2019,22,GOULBURN 22 - KIALLA - ADAMS ROAD BROKEN RIVER,9/26/2018,20180926,FIRE,W201937022,951690,,1.3268,-36.42103096,145.4237242,SHEPPARTON AIRPORT,2018,9,26
BUSHFIRE,2019,22,MURRAY GOLDFIELDS 22 - WYUNA - CLARKES BEND,10/24/2018,20181024,FIRE,W201921022,952651,,2.2607,-36.1626515,145.0912078,SHEPPARTON AIRPORT,2018,10,24
BUSHFIRE,2019,223,GOULBURN 223 - SAWMILL SETTLEMENT - CARTERS ROAD,3/1/2019,20190301,FIRE,W201937223,961154,,0.2729,-37.07807163,146.3639811,MOUNT BULLER,2019,3,1
BUSHFIRE,2019,266,GOULBURN 266 - WINTON WET LANDS - WINTON WET LANDS - NORTH WINTON,3/22/2019,20190322,FIRE,W201937266,963818,,3.1271,-36.45467723,146.1147601,WANGARATTA AERO,2019,3,22
BUSHFIRE,2019,29,OVENS 29 - WHITFIELD - POWERS LOOKOUT,10/31/2018,20181031,FIRE,W201934029,952785,,0.984,-36.84068893,146.3472608,EDI UPPER,2018,10,31
BUSHFIRE,2019,278,GOULBURN 278 - MOOROOPNA - WHELLER RD,4/1/2019,20190401,FIRE,W201937278,964491,,0.8835,-36.35218648,145.3513969,SHEPPARTON AIRPORT,2019,4,1
BUSHFIRE,2019,279,GOULBURN 279 - BOHO - PARKERS TRACK,4/1/2019,20190401,FIRE,W201937279,964500,,0.2676,-36.67914486,145.8193993,STRATHBOGIE,2019,4,1
BUSHFIRE,2019,281,GOULBURN 281 - UPPER RYANS CREEK - UPPER RYANS CREK RD,4/6/2019,20190406,FIRE,W201937281,964937,,0.7107,-36.6777854,146.2201244,EDI UPPER,2019,4,6
BUSHFIRE,2019,30,GOULBURN 30 - MT BULLER - HOWITT SPUR,10/1/2018,20181001,FIRE,W201937030,951847,,7.6408,-37.19002059,146.5882554,MOUNT BULLER,2018,10,1
BUSHFIRE,2019,31,OVENS 31 - KERGUNYAH - HELLHOLE CREEK RD,11/3/2018,20181103,FIRE,W201934031,952906,,4.3226,-36.37916755,146.9835418,ALBURY AIRPORT AWS,2018,11,3
BUSHFIRE,2019,34,UPPER MURRAY 34 - KOSCIUSZKO NATIONAL PARK - POSSUM POINT,1/18/2019,20190118,FIRE,W201936034,957800,,1.256,-36.04652527,148.1400535,CORRYONG AIRPORT,2019,1,18
BUSHFIRE,2019,34,UPPER MURRAY 34 - KOSCIUSZKO NATIONAL PARK - POSSUM POINT,1/18/2019,20190118,FIRE,W201936034,957800,,4.7753,-35.99678647,148.116698,CORRYONG AIRPORT,2019,1,18
BUSHFIRE,2019,34,UPPER MURRAY 34 - KOSCIUSZKO NATIONAL PARK - POSSUM POINT,1/18/2019,20190118,FIRE,W201936034,957800,,10.3188,-35.99228531,148.120744,CORRYONG AIRPORT,2019,1,18
BUSHFIRE,2019,34,UPPER MURRAY 34 - KOSCIUSZKO NATIONAL PARK - POSSUM POINT,1/18/2019,20190118,FIRE,W201936034,957800,,6573.2454,-36.00305193,148.191181,CORRYONG AIRPORT,2019,1,18
BUSHFIRE,2019,37,UPPER MURRAY 37 - BULLIOH - ANNANDALE RD,1/22/2019,20190122,FIRE,W201936037,958060,,3.7685,-36.21676935,147.430855,HUNTERS HILL,2019,1,22
BUSHFIRE,2019,38,UPPER MURRAY 38 - BURROWYE - GUYS FOREST,1/22/2019,20190122,FIRE,W201936038,958062,,18.5308,-36.04234839,147.6194328,HUNTERS HILL,2019,1,22
BUSHFIRE,2019,4,MACALISTER 4 - WONGUNGARRA - HUMFFRAY RIVER TRACK,10/2/2018,20181002,FIRE,W201944004,951890,,11.3294,-37.2075074,146.9150029,MOUNT BULLER,2018,10,2
BUSHFIRE,2019,41,UPPER MURRAY 41 - BULLIOH - LEFT HAND RD,1/22/2019,20190122,FIRE,W201936041,958076,,5.9484,-36.27982298,147.4557314,HUNTERS HILL,2019,1,22
BUSHFIRE,2019,44,UPPER MURRAY 44 - TALLANGATTA - SPRING CK RD,1/22/2019,20190122,FIRE,W201936044,958083,,4.6198,-36.27684229,147.275967,HUNTERS HILL,2019,1,22
BUSHFIRE,2019,45,UPPER MURRAY 45 - GUNDOWRING - SPRING BANK,1/22/2019,20190122,FIRE,,958097,1705986,0.3654,-36.40716862,147.0877624,DARTMOUTH RESERVOIR,2019,1,22
BUSHFIRE,2019,46,OVENS 46 - ELDORADO - ELDORADO TARRAWINGEE ROAD,12/1/2018,20181201,FIRE,W201934046,955085,,11.5003,-36.34444817,146.4992848,RUTHERGLEN RESEARCH,2018,12,1
BUSHFIRE,2019,47,UPPER MURRAY 47 - GRANYA - BUNGIL,1/24/2019,20190124,FIRE,W201936047,958263,,7.1624,-36.08075542,147.3574202,HUNTERS HILL,2019,1,24
BUSHFIRE,2019,48,UPPER MURRAY 48 - NARIEL VALLEY - WHEELERS CREEK,1/30/2019,20190130,FIRE,W201936048,958994,,1.8503,-36.50362308,147.8360329,CORRYONG AIRPORT,2019,1,30
BUSHFIRE,2019,49,UPPER MURRAY 49 - BERRINGAMA - MURRAY VALLEY HWY,1/30/2019,20190130,FIRE,W201936049,959033,,8.3676,-36.22520539,147.7037106,HUNTERS HILL,2019,1,30
BUSHFIRE,2019,49,UPPER MURRAY 49 - BERRINGAMA - MURRAY VALLEY HWY,1/30/2019,20190130,FIRE,W201936049,959033,,16.057,-36.21716908,147.677073,HUNTERS HILL,2019,1,30
BUSHFIRE,2019,49,UPPER MURRAY 49 - BERRINGAMA - MURRAY VALLEY HWY,1/30/2019,20190130,FIRE,W201936049,959033,,0.0776,-36.1746475,147.6133418,HUNTERS HILL,2019,1,30
BUSHFIRE,2019,55,MACALISTER 55 - TALBOTVILLE - SARAH SPUR TRACK,1/16/2019,20190116,FIRE,W201944055,957600,,18.4675,-37.26258514,147.0602608,FALLS CREEK,2019,1,16
BUSHFIRE,2019,56,MACALISTER 56 - DARGO HIGH PLAINS - SAWMILL SPUR,1/16/2019,20190116,FIRE,W201944056,957605,,48.4347,-37.27024214,147.1853407,FALLS CREEK,2019,1,16
BUSHFIRE,2019,57,MACALISTER 57 - WHITE TIMBER SPUR - WHITE TIMBER SPUR TRACK SOUTH,1/17/2019,20190117,FIRE,W201944057,957683,,0.682,-37.20591134,147.164995,FALLS CREEK,2019,1,17
BUSHFIRE,2019,57,UPPER MURRAY 57 - TALLANGATTA - FRENCH-WRIGHT ROAD PINES,2/5/2019,20190205,FIRE,W201936057,960111,,0.1812,-36.30033227,147.3070801,HUNTERS HILL,2019,2,5
BUSHFIRE,2019,6,TAMBO 6 - BENAMBRA - BUENBA CREEK,9/7/2018,20180907,FIRE,W201941006,951196,,5.6873,-36.70977868,147.9140428,DARTMOUTH RESERVOIR,2018,9,7
BUSHFIRE,2019,61,UPPER MURRAY 61 - BULLIOH - GRANYA RD,2/6/2019,20190206,FIRE,W201936061,960277,,1.6715,-36.15301606,147.327571,HUNTERS HILL,2019,2,6
BUSHFIRE,2019,62,UPPER MURRAY 62 - KOETONG - TRESTLE BRIDGE,2/23/2019,20190223,FIRE,W201936062,960911,,0.1214,-36.14755487,147.4648911,HUNTERS HILL,2019,2,23
BUSHFIRE,2019,63,UPPER MURRAY 63 - KOETONG - FIREBRACE TRK,2/23/2019,20190223,FIRE,W201936063,960913,,0.3613,-36.13905265,147.4688046,HUNTERS HILL,2019,2,23
BUSHFIRE,2019,70,GOULBURN 70 - TOLMIE - MANSFIELD WHITFIELD ROAD TOLMIE,10/31/2018,20181031,FIRE,W201937070,952764,,1.995,-36.92576477,146.2519229,MOUNT BULLER,2018,10,31
BUSHFIRE,2019,70,UPPER MURRAY 70 - MITTA MITTA - CAMP CREEK TRACK,3/5/2019,20190305,FIRE,W201936070,961985,,9.4806,-36.67673834,147.3104929,FALLS CREEK,2019,3,5
BUSHFIRE,2019,71,OVENS 71 - BANDIANA - BUT BUT TRK,1/22/2019,20190122,FIRE,W201934071,958074,,4.911,-36.13240391,146.9257023,ALBURY AIRPORT AWS,2019,1,22
BUSHFIRE,2019,71,UPPER MURRAY 71 - MITTA MITTA - TRAPPERS SPUR,3/5/2019,20190305,FIRE,W201936071,961988,,11.03,-36.69495507,147.3138214,FALLS CREEK,2019,3,5
BUSHFIRE,2019,72,UPPER MURRAY 72 - MITTA MITTA - HOLLOW WAY,3/5/2019,20190305,FIRE,W201936072,962002,,27.2836,-36.68974364,147.3479039,FALLS CREEK,2019,3,5
BUSHFIRE,2019,75,GOULBURN 75 - TOOLAMBA - DAUNTS BEND ACKS TK,11/4/2018,20181104,FIRE,W201937075,952978,,3.8118,-36.48338642,145.3544328,SHEPPARTON AIRPORT,2018,11,4
BUSHFIRE,2019,78,UPPER MURRAY 78 - TALLANGATTA SOUTH - MT CHARLIE TRK,3/7/2019,20190307,FIRE,W201936078,962417,,0.1726,-36.23586227,147.2952948,HUNTERS HILL,2019,3,7
BUSHFIRE,2019,87,TAMBO 87 - COBUNGRA - MT PARSLOW,2/1/2019,20190201,FIRE,W201941087,959459,,1.2781,-37.12688359,147.37166,FALLS CREEK,2019,2,1
BUSHFIRE,2019,88,GOULBURN 88 - SHEPPARTON CAUSEWAY - CEMETERY RD,11/9/2018,20181109,FIRE,W201937088,953222,,1.0085,-36.37138101,145.3819904,SHEPPARTON AIRPORT,2018,11,9
BUSHFIRE,2020,12,UPPER MURRAY 12 - GLEN VALLEY - FROG TRACK,11/23/2019,20191123,FIRE,W202036012,967997,,1.4112,-36.78861336,147.4158703,FALLS CREEK,2019,11,23
BUSHFIRE,2020,12,UPPER MURRAY 12 - GLEN VALLEY - FROG TRACK,11/23/2019,20191123,FIRE,W202036012,967997,,0.4478,-36.7870512,147.4134424,FALLS CREEK,2019,11,23
BUSHFIRE,2019,89,MACALISTER 89 - MAYFORD  - TUCKALONG SPUR,2/28/2019,20190228,FIRE,W201944089,961067,,0.3465,-37.12097372,147.2945276,FALLS CREEK,2019,2,28
BUSHFIRE,2019,79,MURRINDINDI 79 - MT TERRIBLE - HOPE TRACK,1/18/2019,20190118,FIRE,W201938079,957767,,0.2449,-37.45816602,146.1310386,MOUNT BULLER,2019,1,18
BUSHFIRE,2019,8,MACALISTER 8 - TALBOTVILLE - JEFF SPUR TK,10/28/2018,20181028,FIRE,W201944008,952683,,10.1938,-37.31808137,147.1474834,FALLS CREEK,2018,10,28
BUSHFIRE,2019,82,UPPER MURRAY 82 - ESKDALE - BULLHEAD GAP,3/20/2019,20190320,FIRE,W201936082,963470,,0.2551,-36.43378766,147.3805638,DARTMOUTH RESERVOIR,2019,3,20
BUSHFIRE,2019,83,UPPER MURRAY 83 - CORRYONG - PRICE HILLS TRACK - 15 KM`S SOUTH WEST OF CORRYONG,3/21/2019,20190321,FIRE,W201936083,963530,,1.2733,-36.29658462,147.7238444,HUNTERS HILL,2019,3,21
BUSHFIRE,2019,87,MACALISTER 87 - TREASURE  - DARGO HIGH PLAINS ROAD,2/28/2019,20190228,FIRE,W201944087,961062,,1.9131,-37.26949669,147.1959193,FALLS CREEK,2019,2,28
BUSHFIRE,2019,87,MURRINDINDI 87 - JAMIESON - LAKE TRACK,1/26/2019,20190126,FIRE,W201938087,958565,,0.2686,-37.27180273,146.0905717,MOUNT BULLER,2019,1,26
BUSHFIRE,2019,89,MACALISTER 89 - MAYFORD  - TUCKALONG SPUR,2/28/2019,20190228,FIRE,W201944089,961067,,5.6689,-37.12140186,147.2977413,FALLS CREEK,2019,2,28
BUSHFIRE,2019,89,MACALISTER 89 - MAYFORD  - TUCKALONG SPUR,2/28/2019,20190228,FIRE,W201944089,961067,,16.8426,-37.12184779,147.2255861,FALLS CREEK,2019,2,28
BUSHFIRE,2019,89,MACALISTER 89 - MAYFORD  - TUCKALONG SPUR,2/28/2019,20190228,FIRE,W201944089,961067,,5.5548,-37.1138935,147.2883493,FALLS CREEK,2019,2,28
BUSHFIRE,2019,89,MACALISTER 89 - MAYFORD  - TUCKALONG SPUR,2/28/2019,20190228,FIRE,W201944089,961067,,5.7521,-37.11313973,147.3099185,FALLS CREEK,2019,2,28
BUSHFIRE,2019,89,MACALISTER 89 - MAYFORD  - TUCKALONG SPUR,2/28/2019,20190228,FIRE,W201944089,961067,,42.4921,-37.11438336,147.3032936,FALLS CREEK,2019,2,28
BUSHFIRE,2019,89,MACALISTER 89 - MAYFORD  - TUCKALONG SPUR,2/28/2019,20190228,FIRE,W201944089,961067,,4.5603,-37.11161299,147.2905067,FALLS CREEK,2019,2,28
BUSHFIRE,2019,89,MACALISTER 89 - MAYFORD  - TUCKALONG SPUR,2/28/2019,20190228,FIRE,W201944089,961067,,0.7726,-37.11011589,147.2943016,FALLS CREEK,2019,2,28
BUSHFIRE,2019,89,MACALISTER 89 - MAYFORD  - TUCKALONG SPUR,2/28/2019,20190228,FIRE,W201944089,961067,,2.1434,-37.10997028,147.2966292,FALLS CREEK,2019,2,28
BUSHFIRE,2019,89,MACALISTER 89 - MAYFORD  - TUCKALONG SPUR,2/28/2019,20190228,FIRE,W201944089,961067,,173.5853,-37.09853583,147.287411,FALLS CREEK,2019,2,28
BUSHFIRE,2019,89,MACALISTER 89 - MAYFORD  - TUCKALONG SPUR,2/28/2019,20190228,FIRE,W201944089,961067,,12975.0444,-37.14667854,147.2681969,FALLS CREEK,2019,2,28
BUSHFIRE,2020,12,UPPER MURRAY 12 - GLEN VALLEY - FROG TRACK,11/23/2019,20191123,FIRE,W202036012,967997,,11.0888,-36.78452663,147.4150433,FALLS CREEK,2019,11,23
BUSHFIRE,2020,126,GOULBURN 126 - EMU PLAINS STEWARTON - EMU PLAINS S,2/4/2020,20200204,FIRE,W202037126,973232,,1.1034,-36.4551053,145.8339285,BENALLA AIRPORT,2020,2,4
BUSHFIRE,2019,97,MACALISTER 97 - MT DARLING - CYNTHIA RANGE TK,2/28/2019,20190228,FIRE,W201944097,961097,,1.1483,-37.28680522,147.074296,FALLS CREEK,2019,2,28
BUSHFIRE,2019,93,MACALISTER 93 - WONGUNGARRA - BASALT CREEK,2/28/2019,20190228,FIRE,W201944093,961078,,0.5624,-37.18318265,147.1115698,FALLS CREEK,2019,2,28
BUSHFIRE,2019,94,GOULBURN 94 - SHEPPARTON EAST - COACH RD,11/16/2018,20181116,FIRE,W201937094,953436,,1.1451,-36.42230522,145.502465,SHEPPARTON AIRPORT,2018,11,16
BUSHFIRE,2019,94,MACALISTER 94 - RED HILL - LOOKOUT SPUR,2/28/2019,20190228,FIRE,W201944094,961080,,0.9583,-37.53505223,146.5385842,MOUNT BULLER,2019,2,28
BUSHFIRE,2019,95,GOULBURN 95 - SHEPPARTON MIDLAND HWY - CEMETERY RD 2,11/17/2018,20181117,FIRE,W201937095,953455,,0.7581,-36.36884557,145.3723913,SHEPPARTON AIRPORT,2018,11,17
BUSHFIRE,2019,98,OVENS 98 - YACKANDANDAH - MT BIG BEN NORTH,3/4/2019,20190304,FIRE,W201934098,961914,,11.187,-36.32586207,146.957058,ALBURY AIRPORT AWS,2019,3,4
BUSHFIRE,2020,,Yellow Bog Rd (NSW),1/8/2020,20200108,FIRE,,,,273.8611,-36.08683743,148.1577672,CORRYONG AIRPORT,2020,1,8
BUSHFIRE,2020,11,UPPER MURRAY 11 - GRANITE FLAT - BULL HILL 03,11/21/2019,20191121,FIRE,W202036011,967994,,2.2918,-36.70378722,147.3649892,FALLS CREEK,2019,11,21
BUSHFIRE,2020,10,UPPER MURRAY 10 - GRANITE FLAT - BULL HILL 02,11/21/2019,20191121,FIRE,W202036010,967992,,0.2687,-36.75353588,147.3851566,FALLS CREEK,2019,11,21
BUSHFIRE,2020,10,UPPER MURRAY 10 - GRANITE FLAT - BULL HILL 02,11/21/2019,20191121,FIRE,W202036010,967992,,0.2687,-36.75293874,147.3847402,FALLS CREEK,2019,11,21
BUSHFIRE,2020,10,UPPER MURRAY 10 - GRANITE FLAT - BULL HILL 02,11/21/2019,20191121,FIRE,W202036010,967992,,0.0896,-36.75035702,147.3758572,FALLS CREEK,2019,11,21
BUSHFIRE,2020,10,UPPER MURRAY 10 - GRANITE FLAT - BULL HILL 02,11/21/2019,20191121,FIRE,W202036010,967992,,0.0896,-36.74915924,147.3740127,FALLS CREEK,2019,11,21
BUSHFIRE,2020,10,UPPER MURRAY 10 - GRANITE FLAT - BULL HILL 02,11/21/2019,20191121,FIRE,W202036010,967992,,0.0899,-36.73209662,147.3670721,FALLS CREEK,2019,11,21
BUSHFIRE,2020,10,UPPER MURRAY 10 - GRANITE FLAT - BULL HILL 02,11/21/2019,20191121,FIRE,W202036010,967992,,0.2688,-36.72054949,147.3733615,FALLS CREEK,2019,11,21
BUSHFIRE,2020,10,UPPER MURRAY 10 - GRANITE FLAT - BULL HILL 02,11/21/2019,20191121,FIRE,W202036010,967992,,439.2904,-36.73882668,147.3775042,FALLS CREEK,2019,11,21
BUSHFIRE,2020,102,GOULBURN 102 - BONNIE DOON - HELLS HOLE CREEK RD,1/26/2020,20200126,FIRE,W202037102,972905,,3.2162,-36.96520143,145.8838647,STRATHBOGIE,2020,1,26
BUSHFIRE,2020,12,OVENS 12 - YACKANDANDAH - MT BIG BEN,11/21/2019,20191121,FIRE,W202034012,967934,,8.2237,-36.40623904,146.9549622,ALBURY AIRPORT AWS,2019,11,21
BUSHFIRE,2020,12,UPPER MURRAY 12 - GLEN VALLEY - FROG TRACK,11/23/2019,20191123,FIRE,W202036012,967997,,0.6758,-36.80068269,147.407409,FALLS CREEK,2019,11,23
BUSHFIRE,2020,12,UPPER MURRAY 12 - GLEN VALLEY - FROG TRACK,11/23/2019,20191123,FIRE,W202036012,967997,,0.4477,-36.79940004,147.4080049,FALLS CREEK,2019,11,23
BUSHFIRE,2020,12,UPPER MURRAY 12 - GLEN VALLEY - FROG TRACK,11/23/2019,20191123,FIRE,W202036012,967997,,0.1822,-36.7969751,147.3929316,FALLS CREEK,2019,11,23
BUSHFIRE,2020,12,UPPER MURRAY 12 - GLEN VALLEY - FROG TRACK,11/23/2019,20191123,FIRE,W202036012,967997,,0.1623,-36.79668034,147.3906268,FALLS CREEK,2019,11,23
BUSHFIRE,2020,12,UPPER MURRAY 12 - GLEN VALLEY - FROG TRACK,11/23/2019,20191123,FIRE,W202036012,967997,,375.1284,-36.78947604,147.4018561,FALLS CREEK,2019,11,23
BUSHFIRE,2020,129,GOULBURN 129 - CHESNEY VALE  - MT MEG SOUTH BLOCK,2/6/2020,20200206,FIRE,W202037129,973332,,1.7597,-36.39387279,146.0952348,WANGARATTA AERO,2020,2,6
BUSHFIRE,2020,13,UPPER MURRAY 13 - SANDY CREEK - SANDY CREEK TRK,11/21/2019,20191121,FIRE,W202036013,968006,,138.2945,-36.4027609,147.1570886,DARTMOUTH RESERVOIR,2019,11,21
BUSHFIRE,2020,14,UPPER MURRAY 14 - ESKDALE - GODDESS ROAD 02,11/21/2019,20191121,FIRE,W202036014,968010,,1.4216,-36.43378814,147.1660026,DARTMOUTH RESERVOIR,2019,11,21
BUSHFIRE,2020,15,UPPER MURRAY 15 - TALLANGATTA VALLEY - POWERLINE T,11/21/2019,20191121,FIRE,W202036015,968026,,9.8707,-36.27867841,147.472272,HUNTERS HILL,2019,11,21
BUSHFIRE,2020,16,OVENS 16 - CARBOOR - CARBOOR-EDI TRACK,11/21/2019,20191121,FIRE,W202034016,968000,,11.2901,-36.72227932,146.5259724,EDI UPPER,2019,11,21
BUSHFIRE,2020,17,UPPER MURRAY 17 - MITTA MITTA - DISAPPOINTMENT TK,11/22/2019,20191122,FIRE,W202036017,968102,,29.4454,-36.6031644,147.3526845,DARTMOUTH RESERVOIR,2019,11,22
BUSHFIRE,2020,18,UPPER MURRAY 18 - GLEN VALLEY - BIG RIVER LOG RD,11/21/2019,20191121,FIRE,W202036018,968156,,2.5506,-36.78436666,147.449858,FALLS CREEK,2019,11,21
BUSHFIRE,2020,19,GOULBURN 19 - WOODSPOINT ROAD GAFFNEYS CREEK - GAF,10/24/2019,20191024,FIRE,W202037019,967346,,4.3924,-37.47801279,146.1899339,MOUNT BULLER,2019,10,24
BUSHFIRE,2020,2,UPPER MURRAY 2 - ESKDALE - GODDESS ROAD,11/21/2019,20191121,FIRE,W202036002,967920,,10.5222,-36.4363395,147.17404,DARTMOUTH RESERVOIR,2019,11,21
BUSHFIRE,2020,20,OVENS 20 - DANDONGADALE - BUFFALO DIVIDE,11/22/2019,20191122,FIRE,W202034020,968054,,608.8645,-36.96692288,146.6323239,MOUNT BULLER,2019,11,22
BUSHFIRE,2020,21,OVENS 21 - TEA TREE RANGE - MT SELWYN,11/22/2019,20191122,FIRE,W202034021,968058,,441.3603,-37.06676151,146.9242716,FALLS CREEK,2019,11,22
BUSHFIRE,2020,22,OVENS 22 - GLEN VALLEY - SHANNONVALE,11/22/2019,20191122,FIRE,W202034022,968084,,0.0895,-36.8979894,147.4252007,FALLS CREEK,2019,11,22
BUSHFIRE,2020,22,OVENS 22 - GLEN VALLEY - SHANNONVALE,11/22/2019,20191122,FIRE,W202034022,968084,,596.2407,-36.88575076,147.4335616,FALLS CREEK,2019,11,22
BUSHFIRE,2020,22,OVENS 22 - GLEN VALLEY - SHANNONVALE,11/22/2019,20191122,FIRE,W202034022,968084,,4.8334,-36.86916891,147.425279,FALLS CREEK,2019,11,22
BUSHFIRE,2020,225,GOULBURN 225 - HOWQUA - STEINERS ROAD,3/1/2020,20200301,FIRE,W201937225,961345,,2178.9232,-37.26949092,146.327026,MOUNT BULLER,2020,3,1
BUSHFIRE,2020,25,OVENS 25 - SELWYN - MT SELWYN ROAD,12/16/2019,20191216,FIRE,W202034025,969625,,5.8682,-36.99857277,146.9207218,FALLS CREEK,2019,12,16
BUSHFIRE,2020,26,UPPER MURRAY 26 - UPPER MURRAY - WALWA,12/29/2019,20191229,FIRE,W202036026,970535,,641.8732,-36.88678723,147.8466641,CORRYONG AIRPORT,2019,12,29
BUSHFIRE,2020,26,OVENS 26 - CHESTHUNT - HARDYS LANE,12/21/2019,20191221,FIRE,W202034026,969974,,3.5183,-36.80907349,146.4155846,EDI UPPER,2019,12,21
BUSHFIRE,2020,26,UPPER MURRAY 26 - UPPER MURRAY - WALWA,12/29/2019,20191229,FIRE,W202036026,970535,,1.562,-36.41423625,148.2053035,CORRYONG AIRPORT,2019,12,29
BUSHFIRE,2020,26,UPPER MURRAY 26 - UPPER MURRAY - WALWA,12/29/2019,20191229,FIRE,W202036026,970535,,426.7774,-36.37054803,148.2815931,CORRYONG AIRPORT,2019,12,29
BUSHFIRE,2020,26,UPPER MURRAY 26 - UPPER MURRAY - WALWA,12/29/2019,20191229,FIRE,W202036026,970535,,315.7268,-36.3541853,148.2867159,CORRYONG AIRPORT,2019,12,29
BUSHFIRE,2020,26,UPPER MURRAY 26 - UPPER MURRAY - WALWA,12/29/2019,20191229,FIRE,W202036026,970535,,168.6952,-36.3286861,148.1159552,CORRYONG AIRPORT,2019,12,29
BUSHFIRE,2020,26,UPPER MURRAY 26 - UPPER MURRAY - WALWA,12/29/2019,20191229,FIRE,W202036026,970535,,1721.6099,-36.30081745,148.1739894,CORRYONG AIRPORT,2019,12,29
BUSHFIRE,2020,26,UPPER MURRAY 26 - UPPER MURRAY - WALWA,12/29/2019,20191229,FIRE,W202036026,970535,,373553.7277,-36.3438507,147.8660093,CORRYONG AIRPORT,2019,12,29
BUSHFIRE,2020,3,UPPER MURRAY 3 - MONGANS BRIDGE - MT TAWONGA,11/21/2019,20191121,FIRE,W202036003,967950,,0.269,-36.59230889,147.1571379,DARTMOUTH RESERVOIR,2019,11,21
BUSHFIRE,2020,3,UPPER MURRAY 3 - MONGANS BRIDGE - MT TAWONGA,11/21/2019,20191121,FIRE,W202036003,967950,,0.3587,-36.58775308,147.1559274,DARTMOUTH RESERVOIR,2019,11,21
BUSHFIRE,2020,3,UPPER MURRAY 3 - MONGANS BRIDGE - MT TAWONGA,11/21/2019,20191121,FIRE,W202036003,967950,,0.3942,-36.58081988,147.1335788,DARTMOUTH RESERVOIR,2019,11,21
BUSHFIRE,2020,3,UPPER MURRAY 3 - MONGANS BRIDGE - MT TAWONGA,11/21/2019,20191121,FIRE,W202036003,967950,,0.538,-36.57967511,147.1343505,DARTMOUTH RESERVOIR,2019,11,21
BUSHFIRE,2020,3,UPPER MURRAY 3 - MONGANS BRIDGE - MT TAWONGA,11/21/2019,20191121,FIRE,W202036003,967950,,0.3587,-36.57821667,147.1347496,DARTMOUTH RESERVOIR,2019,11,21
BUSHFIRE,2020,3,UPPER MURRAY 3 - MONGANS BRIDGE - MT TAWONGA,11/21/2019,20191121,FIRE,W202036003,967950,,1.0761,-36.57647384,147.1465232,DARTMOUTH RESERVOIR,2019,11,21
BUSHFIRE,2020,3,UPPER MURRAY 3 - MONGANS BRIDGE - MT TAWONGA,11/21/2019,20191121,FIRE,W202036003,967950,,0.3587,-36.57363295,147.1360039,DARTMOUTH RESERVOIR,2019,11,21
BUSHFIRE,2020,3,UPPER MURRAY 3 - MONGANS BRIDGE - MT TAWONGA,11/21/2019,20191121,FIRE,W202036003,967950,,0.8968,-36.57203445,147.1358128,DARTMOUTH RESERVOIR,2019,11,21
BUSHFIRE,2020,3,UPPER MURRAY 3 - MONGANS BRIDGE - MT TAWONGA,11/21/2019,20191121,FIRE,W202036003,967950,,0.1165,-36.57072122,147.1359516,DARTMOUTH RESERVOIR,2019,11,21
BUSHFIRE,2020,3,UPPER MURRAY 3 - MONGANS BRIDGE - MT TAWONGA,11/21/2019,20191121,FIRE,W202036003,967950,,0.8495,-36.55896407,147.1369595,DARTMOUTH RESERVOIR,2019,11,21
BUSHFIRE,2020,3,UPPER MURRAY 3 - MONGANS BRIDGE - MT TAWONGA,11/21/2019,20191121,FIRE,W202036003,967950,,0.1642,-36.54577262,147.1551771,DARTMOUTH RESERVOIR,2019,11,21
BUSHFIRE,2020,3,UPPER MURRAY 3 - MONGANS BRIDGE - MT TAWONGA,11/21/2019,20191121,FIRE,W202036003,967950,,2318.6371,-36.58750246,147.1528374,DARTMOUTH RESERVOIR,2019,11,21
BUSHFIRE,2020,34,OVENS 34 - WHITFIELD - BLACK RANGE,12/31/2019,20191231,FIRE,W202034034,970934,,15.1475,-36.76331752,146.4758901,EDI UPPER,2019,12,31
BUSHFIRE,2020,41,OVENS 41 - ABBEYARD - YARRARABULA SOUTH,12/31/2019,20191231,FIRE,W202034041,971017,,0.0006,-36.97520291,146.6373097,MOUNT BULLER,2019,12,31
BUSHFIRE,2020,41,OVENS 41 - ABBEYARD - YARRARABULA SOUTH,12/31/2019,20191231,FIRE,W202034041,971017,,0.0037,-36.97514512,146.6390763,MOUNT BULLER,2019,12,31
BUSHFIRE,2020,41,OVENS 41 - ABBEYARD - YARRARABULA SOUTH,12/31/2019,20191231,FIRE,W202034041,971017,,0.0001,-36.97513213,146.6389095,MOUNT BULLER,2019,12,31
BUSHFIRE,2020,38,OVENS 38 - MT COBBLER - SPECULATION RD 1,12/31/2019,20191231,FIRE,W202034038,970984,,18.704,-37.07929925,146.6211505,MOUNT BULLER,2019,12,31
BUSHFIRE,2020,38,UPPER MURRAY 38 - TALLANDOON - LITTLE SCRUBBY CREE,1/22/2020,20200122,FIRE,W202036038,972730,,9.5379,-36.48037439,147.1572522,DARTMOUTH RESERVOIR,2020,1,22
BUSHFIRE,2020,39,UPPER MURRAY 39 - BERRINGAMA - LUCYVALE ROAD,2/1/2020,20200201,FIRE,W202036039,973150,,20.8201,-36.23736696,147.6549555,HUNTERS HILL,2020,2,1
BUSHFIRE,2020,41,OVENS 41 - ABBEYARD - YARRARABULA SOUTH,12/31/2019,20191231,FIRE,W202034041,971017,,0.0008,-36.97504662,146.6385894,MOUNT BULLER,2019,12,31
BUSHFIRE,2020,41,OVENS 41 - ABBEYARD - YARRARABULA SOUTH,12/31/2019,20191231,FIRE,W202034041,971017,,0.0032,-36.97460747,146.6368938,MOUNT BULLER,2019,12,31
BUSHFIRE,2020,40,GOULBURN 40 - ARCADIA - CARTER`S RD,11/17/2019,20191117,FIRE,W202037040,967759,,2.5311,-36.54105473,145.3303175,SHEPPARTON AIRPORT,2019,11,17
BUSHFIRE,2020,41,OVENS 41 - ABBEYARD - YARRARABULA SOUTH,12/31/2019,20191231,FIRE,W202034041,971017,,0.0004,-36.97408236,146.6205155,MOUNT BULLER,2019,12,31
BUSHFIRE,2020,41,OVENS 41 - ABBEYARD - YARRARABULA SOUTH,12/31/2019,20191231,FIRE,W202034041,971017,,0.0001,-36.97301328,146.6373847,MOUNT BULLER,2019,12,31
BUSHFIRE,2020,41,OVENS 41 - ABBEYARD - YARRARABULA SOUTH,12/31/2019,20191231,FIRE,W202034041,971017,,0.0001,-36.97288626,146.6374066,MOUNT BULLER,2019,12,31
BUSHFIRE,2020,41,OVENS 41 - ABBEYARD - YARRARABULA SOUTH,12/31/2019,20191231,FIRE,W202034041,971017,,0.033,-36.97195646,146.619834,MOUNT BULLER,2019,12,31
BUSHFIRE,2020,41,OVENS 41 - ABBEYARD - YARRARABULA SOUTH,12/31/2019,20191231,FIRE,W202034041,971017,,0.0002,-36.97096653,146.6384115,MOUNT BULLER,2019,12,31
BUSHFIRE,2020,41,OVENS 41 - ABBEYARD - YARRARABULA SOUTH,12/31/2019,20191231,FIRE,W202034041,971017,,0.0003,-36.97055496,146.6393599,MOUNT BULLER,2019,12,31
BUSHFIRE,2020,41,OVENS 41 - ABBEYARD - YARRARABULA SOUTH,12/31/2019,20191231,FIRE,W202034041,971017,,24.986,-37.05681405,146.9572469,FALLS CREEK,2019,12,31
BUSHFIRE,2020,41,OVENS 41 - ABBEYARD - YARRARABULA SOUTH,12/31/2019,20191231,FIRE,W202034041,971017,,0.0005,-36.98685555,146.634972,MOUNT BULLER,2019,12,31
BUSHFIRE,2020,41,OVENS 41 - ABBEYARD - YARRARABULA SOUTH,12/31/2019,20191231,FIRE,W202034041,971017,,0.0003,-36.98657146,146.636272,MOUNT BULLER,2019,12,31
BUSHFIRE,2020,41,OVENS 41 - ABBEYARD - YARRARABULA SOUTH,12/31/2019,20191231,FIRE,W202034041,971017,,0.0001,-36.98658253,146.6360815,MOUNT BULLER,2019,12,31
BUSHFIRE,2020,41,OVENS 41 - ABBEYARD - YARRARABULA SOUTH,12/31/2019,20191231,FIRE,W202034041,971017,,0.0001,-36.98531656,146.6368397,MOUNT BULLER,2019,12,31
BUSHFIRE,2020,41,OVENS 41 - ABBEYARD - YARRARABULA SOUTH,12/31/2019,20191231,FIRE,W202034041,971017,,0.0001,-36.98532086,146.6368881,MOUNT BULLER,2019,12,31
BUSHFIRE,2020,41,OVENS 41 - ABBEYARD - YARRARABULA SOUTH,12/31/2019,20191231,FIRE,W202034041,971017,,0.0001,-36.98499255,146.6369169,MOUNT BULLER,2019,12,31
BUSHFIRE,2020,41,OVENS 41 - ABBEYARD - YARRARABULA SOUTH,12/31/2019,20191231,FIRE,W202034041,971017,,0.0002,-36.98491415,146.637054,MOUNT BULLER,2019,12,31
BUSHFIRE,2020,41,OVENS 41 - ABBEYARD - YARRARABULA SOUTH,12/31/2019,20191231,FIRE,W202034041,971017,,0.0005,-36.98435383,146.6369008,MOUNT BULLER,2019,12,31
BUSHFIRE,2020,41,OVENS 41 - ABBEYARD - YARRARABULA SOUTH,12/31/2019,20191231,FIRE,W202034041,971017,,0.0002,-36.98309548,146.6373581,MOUNT BULLER,2019,12,31
BUSHFIRE,2020,41,OVENS 41 - ABBEYARD - YARRARABULA SOUTH,12/31/2019,20191231,FIRE,W202034041,971017,,0.0001,-36.98287245,146.6379664,MOUNT BULLER,2019,12,31
BUSHFIRE,2020,41,OVENS 41 - ABBEYARD - YARRARABULA SOUTH,12/31/2019,20191231,FIRE,W202034041,971017,,0.0001,-36.9819404,146.638972,MOUNT BULLER,2019,12,31
BUSHFIRE,2020,41,OVENS 41 - ABBEYARD - YARRARABULA SOUTH,12/31/2019,20191231,FIRE,W202034041,971017,,0.0002,-36.98145357,146.6266146,MOUNT BULLER,2019,12,31
BUSHFIRE,2020,41,OVENS 41 - ABBEYARD - YARRARABULA SOUTH,12/31/2019,20191231,FIRE,W202034041,971017,,0.0001,-36.98056194,146.6393474,MOUNT BULLER,2019,12,31
BUSHFIRE,2020,41,OVENS 41 - ABBEYARD - YARRARABULA SOUTH,12/31/2019,20191231,FIRE,W202034041,971017,,0.0001,-36.97981762,146.6399991,MOUNT BULLER,2019,12,31
BUSHFIRE,2020,41,OVENS 41 - ABBEYARD - YARRARABULA SOUTH,12/31/2019,20191231,FIRE,W202034041,971017,,0.0001,-36.97884634,146.6401033,MOUNT BULLER,2019,12,31
BUSHFIRE,2020,41,OVENS 41 - ABBEYARD - YARRARABULA SOUTH,12/31/2019,20191231,FIRE,W202034041,971017,,0.0009,-36.97552043,146.64024,MOUNT BULLER,2019,12,31
BUSHFIRE,2020,41,OVENS 41 - ABBEYARD - YARRARABULA SOUTH,12/31/2019,20191231,FIRE,W202034041,971017,,0.0002,-36.9754418,146.6401219,MOUNT BULLER,2019,12,31
BUSHFIRE,2020,41,OVENS 41 - ABBEYARD - YARRARABULA SOUTH,12/31/2019,20191231,FIRE,W202034041,971017,,0.0001,-36.97524555,146.6374586,MOUNT BULLER,2019,12,31
BUSHFIRE,2020,41,OVENS 41 - ABBEYARD - YARRARABULA SOUTH,12/31/2019,20191231,FIRE,W202034041,971017,,0.0003,-36.9751891,146.6379503,MOUNT BULLER,2019,12,31
BUSHFIRE,2020,41,OVENS 41 - ABBEYARD - YARRARABULA SOUTH,12/31/2019,20191231,FIRE,W202034041,971017,,37.9403,-36.96741467,146.9960654,FALLS CREEK,2019,12,31
BUSHFIRE,2020,41,OVENS 41 - ABBEYARD - YARRARABULA SOUTH,12/31/2019,20191231,FIRE,W202034041,971017,,0.0002,-36.96406968,146.6201631,MOUNT BULLER,2019,12,31
BUSHFIRE,2020,41,OVENS 41 - ABBEYARD - YARRARABULA SOUTH,12/31/2019,20191231,FIRE,W202034041,971017,,0.0004,-36.963285,146.6214324,MOUNT BULLER,2019,12,31
BUSHFIRE,2020,41,OVENS 41 - ABBEYARD - YARRARABULA SOUTH,12/31/2019,20191231,FIRE,W202034041,971017,,0.0003,-36.96287047,146.6224162,MOUNT BULLER,2019,12,31
BUSHFIRE,2020,41,OVENS 41 - ABBEYARD - YARRARABULA SOUTH,12/31/2019,20191231,FIRE,W202034041,971017,,0.3894,-36.96121473,146.6238208,MOUNT BULLER,2019,12,31
BUSHFIRE,2020,41,OVENS 41 - ABBEYARD - YARRARABULA SOUTH,12/31/2019,20191231,FIRE,W202034041,971017,,0.3294,-36.95996366,146.6243888,MOUNT BULLER,2019,12,31
BUSHFIRE,2020,41,OVENS 41 - ABBEYARD - YARRARABULA SOUTH,12/31/2019,20191231,FIRE,W202034041,971017,,15.0285,-36.95515404,146.6245105,MOUNT BULLER,2019,12,31
BUSHFIRE,2020,41,OVENS 41 - ABBEYARD - YARRARABULA SOUTH,12/31/2019,20191231,FIRE,W202034041,971017,,8.899,-36.95366122,146.6292671,MOUNT BULLER,2019,12,31
BUSHFIRE,2020,41,OVENS 41 - ABBEYARD - YARRARABULA SOUTH,12/31/2019,20191231,FIRE,W202034041,971017,,0.0003,-36.95043938,146.6387435,MOUNT BULLER,2019,12,31
BUSHFIRE,2020,41,OVENS 41 - ABBEYARD - YARRARABULA SOUTH,12/31/2019,20191231,FIRE,W202034041,971017,,2.1411,-36.72300847,146.5875246,EDI UPPER,2019,12,31
BUSHFIRE,2020,41,OVENS 41 - ABBEYARD - YARRARABULA SOUTH,12/31/2019,20191231,FIRE,W202034041,971017,,5.4815,-36.72378701,146.5816366,EDI UPPER,2019,12,31
BUSHFIRE,2020,41,OVENS 41 - ABBEYARD - YARRARABULA SOUTH,12/31/2019,20191231,FIRE,W202034041,971017,,19.2753,-36.95544407,146.5594395,MOUNT BULLER,2019,12,31
BUSHFIRE,2020,41,OVENS 41 - ABBEYARD - YARRARABULA SOUTH,12/31/2019,20191231,FIRE,W202034041,971017,,1.3463,-36.78798011,147.0011838,FALLS CREEK,2019,12,31
BUSHFIRE,2020,41,OVENS 41 - ABBEYARD - YARRARABULA SOUTH,12/31/2019,20191231,FIRE,W202034041,971017,,5.9703,-36.78479151,146.8104682,EDI UPPER,2019,12,31
BUSHFIRE,2020,41,OVENS 41 - ABBEYARD - YARRARABULA SOUTH,12/31/2019,20191231,FIRE,W202034041,971017,,0.2768,-36.73481358,146.6424934,EDI UPPER,2019,12,31
BUSHFIRE,2020,41,OVENS 41 - ABBEYARD - YARRARABULA SOUTH,12/31/2019,20191231,FIRE,W202034041,971017,,0.2599,-36.73437676,146.6474615,EDI UPPER,2019,12,31
BUSHFIRE,2020,41,OVENS 41 - ABBEYARD - YARRARABULA SOUTH,12/31/2019,20191231,FIRE,W202034041,971017,,40.7766,-36.7312093,146.5540286,EDI UPPER,2019,12,31
BUSHFIRE,2020,41,OVENS 41 - ABBEYARD - YARRARABULA SOUTH,12/31/2019,20191231,FIRE,W202034041,971017,,0.5682,-36.72473323,146.587495,EDI UPPER,2019,12,31
BUSHFIRE,2020,41,OVENS 41 - ABBEYARD - YARRARABULA SOUTH,12/31/2019,20191231,FIRE,W202034041,971017,,0.0001,-36.71625568,146.6790603,EDI UPPER,2019,12,31
BUSHFIRE,2020,41,OVENS 41 - ABBEYARD - YARRARABULA SOUTH,12/31/2019,20191231,FIRE,W202034041,971017,,10.3816,-36.71886221,146.5859471,EDI UPPER,2019,12,31
BUSHFIRE,2020,41,OVENS 41 - ABBEYARD - YARRARABULA SOUTH,12/31/2019,20191231,FIRE,W202034041,971017,,89.4315,-36.69974006,146.7564886,EDI UPPER,2019,12,31
BUSHFIRE,2020,41,OVENS 41 - ABBEYARD - YARRARABULA SOUTH,12/31/2019,20191231,FIRE,W202034041,971017,,2.4758,-36.69010285,146.5718125,EDI UPPER,2019,12,31
BUSHFIRE,2020,41,OVENS 41 - ABBEYARD - YARRARABULA SOUTH,12/31/2019,20191231,FIRE,W202034041,971017,,105063.5192,-36.9004985,146.7849193,EDI UPPER,2019,12,31
BUSHFIRE,2020,43,MACALISTER 43 - HOTHAM HEIGHTS - BLUE RAG RANGE,12/31/2019,20191231,FIRE,W202044043,970973,,76.8176,-37.28605258,147.1959569,FALLS CREEK,2019,12,31
BUSHFIRE,2020,43,MACALISTER 43 - HOTHAM HEIGHTS - BLUE RAG RANGE,12/31/2019,20191231,FIRE,W202044043,970973,,14.0999,-37.27572997,147.318721,FALLS CREEK,2019,12,31
BUSHFIRE,2020,43,MACALISTER 43 - HOTHAM HEIGHTS - BLUE RAG RANGE,12/31/2019,20191231,FIRE,W202044043,970973,,49.4327,-37.26718351,147.1591127,FALLS CREEK,2019,12,31
BUSHFIRE,2020,43,MACALISTER 43 - HOTHAM HEIGHTS - BLUE RAG RANGE,12/31/2019,20191231,FIRE,W202044043,970973,,574.1543,-37.31619492,147.2712591,FALLS CREEK,2019,12,31
BUSHFIRE,2020,43,MACALISTER 43 - HOTHAM HEIGHTS - BLUE RAG RANGE,12/31/2019,20191231,FIRE,W202044043,970973,,16.3391,-37.28969891,147.2158058,FALLS CREEK,2019,12,31
BUSHFIRE,2020,43,MACALISTER 43 - HOTHAM HEIGHTS - BLUE RAG RANGE,12/31/2019,20191231,FIRE,W202044043,970973,,4.5803,-37.28127446,147.347297,FALLS CREEK,2019,12,31
BUSHFIRE,2020,43,MACALISTER 43 - HOTHAM HEIGHTS - BLUE RAG RANGE,12/31/2019,20191231,FIRE,W202044043,970973,,29.7485,-37.25578661,147.1068032,FALLS CREEK,2019,12,31
BUSHFIRE,2020,43,MACALISTER 43 - HOTHAM HEIGHTS - BLUE RAG RANGE,12/31/2019,20191231,FIRE,W202044043,970973,,271.5301,-37.25674619,147.2115607,FALLS CREEK,2019,12,31
BUSHFIRE,2020,43,MACALISTER 43 - HOTHAM HEIGHTS - BLUE RAG RANGE,12/31/2019,20191231,FIRE,W202044043,970973,,24.7081,-37.24382665,147.1999139,FALLS CREEK,2019,12,31
BUSHFIRE,2020,43,MACALISTER 43 - HOTHAM HEIGHTS - BLUE RAG RANGE,12/31/2019,20191231,FIRE,W202044043,970973,,336.0571,-37.24264678,147.310334,FALLS CREEK,2019,12,31
BUSHFIRE,2020,43,MACALISTER 43 - HOTHAM HEIGHTS - BLUE RAG RANGE,12/31/2019,20191231,FIRE,W202044043,970973,,2.0739,-37.22659023,147.1945272,FALLS CREEK,2019,12,31
BUSHFIRE,2020,43,MACALISTER 43 - HOTHAM HEIGHTS - BLUE RAG RANGE,12/31/2019,20191231,FIRE,W202044043,970973,,6.0672,-37.22390587,147.2096716,FALLS CREEK,2019,12,31
BUSHFIRE,2020,43,MACALISTER 43 - HOTHAM HEIGHTS - BLUE RAG RANGE,12/31/2019,20191231,FIRE,W202044043,970973,,7.3287,-37.21946813,147.2156311,FALLS CREEK,2019,12,31
BUSHFIRE,2020,43,MACALISTER 43 - HOTHAM HEIGHTS - BLUE RAG RANGE,12/31/2019,20191231,FIRE,W202044043,970973,,1575.9055,-37.27095688,147.3223793,FALLS CREEK,2019,12,31
BUSHFIRE,2020,43,MACALISTER 43 - HOTHAM HEIGHTS - BLUE RAG RANGE,12/31/2019,20191231,FIRE,W202044043,970973,,5400.7962,-37.22082967,147.2485506,FALLS CREEK,2019,12,31
BUSHFIRE,2020,43,MACALISTER 43 - HOTHAM HEIGHTS - BLUE RAG RANGE,12/31/2019,20191231,FIRE,W202044043,970973,,35.4249,-37.12448265,147.1699905,FALLS CREEK,2019,12,31
BUSHFIRE,2020,43,MACALISTER 43 - HOTHAM HEIGHTS - BLUE RAG RANGE,12/31/2019,20191231,FIRE,W202044043,970973,,67.7343,-37.12265386,147.1562969,FALLS CREEK,2019,12,31
BUSHFIRE,2020,43,MACALISTER 43 - HOTHAM HEIGHTS - BLUE RAG RANGE,12/31/2019,20191231,FIRE,W202044043,970973,,27273.1831,-37.16245868,147.0892188,FALLS CREEK,2019,12,31
BUSHFIRE,2020,46,GOULBURN 46 - STRATHBOGIE STATE FOREST - KANGAROO,11/21/2019,20191121,FIRE,W202037046,967911,,0.0898,-36.91067041,145.8850053,STRATHBOGIE,2019,11,21
BUSHFIRE,2020,46,GOULBURN 46 - STRATHBOGIE STATE FOREST - KANGAROO,11/21/2019,20191121,FIRE,W202037046,967911,,1.8592,-36.91038687,145.8835611,STRATHBOGIE,2019,11,21
BUSHFIRE,2020,46,TAMBO 46 - HINNOMUNJIE - MCMILLANS,12/20/2019,20191220,FIRE,W202041046,969784,,9.0779,-37.04976365,147.6545081,FALLS CREEK,2019,12,20
BUSHFIRE,2020,47,TAMBO 47 - UPLANDS - JAPAN CREEK,12/20/2019,20191220,FIRE,W202041047,969792,,13.1609,-36.7651445,147.7038794,DARTMOUTH RESERVOIR,2019,12,20
BUSHFIRE,2020,49,OVENS 49 - BARANDUDA - 4.5 KM STH OF WODONGA ON BE,1/10/2020,20200110,FIRE,W202034049,972086,,248.2905,-36.1612383,146.9099504,ALBURY AIRPORT AWS,2020,1,10
BUSHFIRE,2020,52,GOULBURN 52 - WINTON - LAKE MOKOAN,11/29/2019,20191129,FIRE,W202037052,968768,,1.5675,-36.4559678,146.0230032,BENALLA AIRPORT,2019,11,29
BUSHFIRE,2020,53,GOULBURN 53 - REEF HILLS PARK - FIRTH ROAD,11/29/2019,20191129,FIRE,W202037053,968802,,13.8675,-36.57134711,145.9371194,BENALLA AIRPORT,2019,11,29
BUSHFIRE,2020,53,MACALISTER 53 - DARGO - MATHESON FLAT,1/22/2020,20200122,FIRE,W202044053,972760,,7.6652,-37.3373033,147.2841793,FALLS CREEK,2020,1,22
BUSHFIRE,2020,53,OVENS 53 - WODONGA - MCFARLANES HILL,1/14/2020,20200114,FIRE,W202034053,972402,,1.8363,-36.12758975,146.8263646,ALBURY AIRPORT AWS,2020,1,14
BUSHFIRE,2020,55,OVENS 55 - CHESHUNT - BURROWES ROAD,1/16/2020,20200116,FIRE,W202034055,972407,,12.0865,-36.85648729,146.3909272,EDI UPPER,2020,1,16
BUSHFIRE,2020,60,TAMBO 60 - SHANNONVALE - MCNAMARA HUT,1/1/2020,20200101,FIRE,W202041060,971194,,1.9741,-37.20777028,147.5299399,FALLS CREEK,2020,1,1
BUSHFIRE,2020,60,TAMBO 60 - SHANNONVALE - MCNAMARA HUT,1/1/2020,20200101,FIRE,W202041060,971194,,7.3165,-37.16422259,147.5296336,FALLS CREEK,2020,1,1
BUSHFIRE,2020,60,TAMBO 60 - SHANNONVALE - MCNAMARA HUT,1/1/2020,20200101,FIRE,W202041060,971194,,13.6164,-37.16155021,147.4004205,FALLS CREEK,2020,1,1
BUSHFIRE,2020,60,TAMBO 60 - SHANNONVALE - MCNAMARA HUT,1/1/2020,20200101,FIRE,W202041060,971194,,1.3635,-37.15495279,147.4861046,FALLS CREEK,2020,1,1
BUSHFIRE,2020,60,TAMBO 60 - SHANNONVALE - MCNAMARA HUT,1/1/2020,20200101,FIRE,W202041060,971194,,62.6795,-37.15650239,147.5405973,FALLS CREEK,2020,1,1
BUSHFIRE,2020,60,TAMBO 60 - SHANNONVALE - MCNAMARA HUT,1/1/2020,20200101,FIRE,W202041060,971194,,1.3898,-37.15257972,147.4795122,FALLS CREEK,2020,1,1
BUSHFIRE,2020,60,TAMBO 60 - SHANNONVALE - MCNAMARA HUT,1/1/2020,20200101,FIRE,W202041060,971194,,829.5238,-37.16832436,147.5000037,FALLS CREEK,2020,1,1
BUSHFIRE,2020,60,TAMBO 60 - SHANNONVALE - MCNAMARA HUT,1/1/2020,20200101,FIRE,W202041060,971194,,783.1743,-37.15362421,147.4240824,FALLS CREEK,2020,1,1
BUSHFIRE,2020,60,TAMBO 60 - SHANNONVALE - MCNAMARA HUT,1/1/2020,20200101,FIRE,W202041060,971194,,22.0149,-37.10457258,147.3128717,FALLS CREEK,2020,1,1
BUSHFIRE,2020,60,TAMBO 60 - SHANNONVALE - MCNAMARA HUT,1/1/2020,20200101,FIRE,W202041060,971194,,3.1704,-37.05997181,147.3294434,FALLS CREEK,2020,1,1
BUSHFIRE,2020,60,TAMBO 60 - SHANNONVALE - MCNAMARA HUT,1/1/2020,20200101,FIRE,W202041060,971194,,12.259,-37.01777024,147.5145904,FALLS CREEK,2020,1,1
BUSHFIRE,2020,60,TAMBO 60 - SHANNONVALE - MCNAMARA HUT,1/1/2020,20200101,FIRE,W202041060,971194,,3.5756,-37.01709998,147.2812332,FALLS CREEK,2020,1,1
BUSHFIRE,2020,60,TAMBO 60 - SHANNONVALE - MCNAMARA HUT,1/1/2020,20200101,FIRE,W202041060,971194,,7.0767,-36.93869875,147.2974471,FALLS CREEK,2020,1,1
BUSHFIRE,2020,60,TAMBO 60 - SHANNONVALE - MCNAMARA HUT,1/1/2020,20200101,FIRE,W202041060,971194,,42566.8045,-37.03749741,147.3725331,FALLS CREEK,2020,1,1
BUSHFIRE,2020,63,GOULBURN 63 - MOORNGAG - SAMARIA RD,12/21/2019,20191221,FIRE,W202037063,969934,,98.9512,-36.7322313,146.0560201,BENALLA AIRPORT,2019,12,21
BUSHFIRE,2020,64,OVENS 64 - BOORHAMAN - OKEEFE ROAD,2/5/2020,20200205,FIRE,W202034064,973264,,2.3499,-36.16451259,146.3294352,RUTHERGLEN RESEARCH,2020,2,5
BUSHFIRE,2020,67,OVENS 67 - BEECHWORTH - DIFFEY ROAD,2/6/2020,20200206,FIRE,W202034067,973314,,15.7696,-36.41506021,146.6246328,RUTHERGLEN RESEARCH,2020,2,6
BUSHFIRE,2020,67,TAMBO 67 - CASSILIS - POWERS GULLY TRACK,1/2/2020,20200102,FIRE,W202041067,971339,,10.7565,-37.26199816,147.5703373,FALLS CREEK,2020,1,2
BUSHFIRE,2020,69,OVENS 69 - MOUNT JACK - BIRWIAGEE CREEK,2/7/2020,20200207,FIRE,W202034069,973366,,4.6177,-36.49117836,146.9207443,ALBURY AIRPORT AWS,2020,2,7
BUSHFIRE,2020,70,OVENS 70 - BRIGHT - STONY TOPS TRACK,2/7/2020,20200207,FIRE,W202034070,973385,,6.8814,-36.81192734,147.1009179,FALLS CREEK,2020,2,7
BUSHFIRE,2020,72,GOULBURN 72 - TOOLAMBA - DAUNT`S TK,12/30/2019,20191230,FIRE,W202037072,970687,,1.0772,-36.48249179,145.3554956,SHEPPARTON AIRPORT,2019,12,30
BUSHFIRE,2020,73,OVENS 73 - CHESTHUNT - PARADISE FALL ROAD,2/14/2020,20200214,FIRE,W202034073,973598,,1.3663,-36.85340336,146.4491756,EDI UPPER,2020,2,14
BUSHFIRE,2020,8,UPPER MURRAY 8 - ESKDALE - MT ELMO,11/21/2019,20191121,FIRE,W202036008,967982,,1.9727,-36.58603194,147.2185983,DARTMOUTH RESERVOIR,2019,11,21
BUSHFIRE,2020,77,GOULBURN 77 - ALPINE NATIONAL PARK - MOUNT LOVICK,12/31/2019,20191231,FIRE,W202037077,970958,,20.7748,-37.20814721,146.5027643,MOUNT BULLER,2019,12,31
BUSHFIRE,2020,79,GOULBURN 79 - ALPINE NATIONAL PARK - BLUFF CREEK,1/1/2020,20200101,FIRE,W202037079,971167,,70.9115,-37.33183479,146.6324225,MOUNT BULLER,2020,1,1
BUSHFIRE,2020,8,UPPER MURRAY 8 - ESKDALE - MT ELMO,11/21/2019,20191121,FIRE,W202036008,967982,,13.2684,-36.61633907,147.2475096,DARTMOUTH RESERVOIR,2019,11,21
BUSHFIRE,2020,79,GOULBURN 79 - ALPINE NATIONAL PARK - BLUFF CREEK,1/1/2020,20200101,FIRE,W202037079,971167,,114.8613,-37.31556486,146.6252947,MOUNT BULLER,2020,1,1
BUSHFIRE,2020,79,GOULBURN 79 - ALPINE NATIONAL PARK - BLUFF CREEK,1/1/2020,20200101,FIRE,W202037079,971167,,0.1062,-37.26965318,146.5406603,MOUNT BULLER,2020,1,1
BUSHFIRE,2020,79,GOULBURN 79 - ALPINE NATIONAL PARK - BLUFF CREEK,1/1/2020,20200101,FIRE,W202037079,971167,,0.1786,-37.24512294,146.5011648,MOUNT BULLER,2020,1,1
BUSHFIRE,2020,79,GOULBURN 79 - ALPINE NATIONAL PARK - BLUFF CREEK,1/1/2020,20200101,FIRE,W202037079,971167,,1.9556,-37.24278412,146.5948213,MOUNT BULLER,2020,1,1
BUSHFIRE,2020,79,GOULBURN 79 - ALPINE NATIONAL PARK - BLUFF CREEK,1/1/2020,20200101,FIRE,W202037079,971167,,0.7041,-37.23682747,146.595549,MOUNT BULLER,2020,1,1
BUSHFIRE,2020,79,GOULBURN 79 - ALPINE NATIONAL PARK - BLUFF CREEK,1/1/2020,20200101,FIRE,W202037079,971167,,12.6646,-37.23405782,146.6010967,MOUNT BULLER,2020,1,1
BUSHFIRE,2020,79,GOULBURN 79 - ALPINE NATIONAL PARK - BLUFF CREEK,1/1/2020,20200101,FIRE,W202037079,971167,,0.0893,-37.21690302,146.564652,MOUNT BULLER,2020,1,1
BUSHFIRE,2020,79,GOULBURN 79 - ALPINE NATIONAL PARK - BLUFF CREEK,1/1/2020,20200101,FIRE,W202037079,971167,,0.3572,-37.21681667,146.5615106,MOUNT BULLER,2020,1,1
BUSHFIRE,2020,79,GOULBURN 79 - ALPINE NATIONAL PARK - BLUFF CREEK,1/1/2020,20200101,FIRE,W202037079,971167,,0.1779,-37.21539069,146.5598921,MOUNT BULLER,2020,1,1
BUSHFIRE,2020,79,GOULBURN 79 - ALPINE NATIONAL PARK - BLUFF CREEK,1/1/2020,20200101,FIRE,W202037079,971167,,0.3485,-37.21485852,146.5682807,MOUNT BULLER,2020,1,1
BUSHFIRE,2020,79,GOULBURN 79 - ALPINE NATIONAL PARK - BLUFF CREEK,1/1/2020,20200101,FIRE,W202037079,971167,,3306.552,-37.23917479,146.543131,MOUNT BULLER,2020,1,1
BUSHFIRE,2020,8,UPPER MURRAY 8 - ESKDALE - MT ELMO,11/21/2019,20191121,FIRE,W202036008,967982,,0.1793,-36.61726302,147.2461138,DARTMOUTH RESERVOIR,2019,11,21
BUSHFIRE,2020,8,UPPER MURRAY 8 - ESKDALE - MT ELMO,11/21/2019,20191121,FIRE,W202036008,967982,,0.269,-36.59756824,147.2251315,DARTMOUTH RESERVOIR,2019,11,21
BUSHFIRE,2020,8,UPPER MURRAY 8 - ESKDALE - MT ELMO,11/21/2019,20191121,FIRE,W202036008,967982,,0.4483,-36.5942994,147.2101873,DARTMOUTH RESERVOIR,2019,11,21
BUSHFIRE,2020,8,UPPER MURRAY 8 - ESKDALE - MT ELMO,11/21/2019,20191121,FIRE,W202036008,967982,,2.5108,-36.57972595,147.2261075,DARTMOUTH RESERVOIR,2019,11,21
BUSHFIRE,2020,8,UPPER MURRAY 8 - ESKDALE - MT ELMO,11/21/2019,20191121,FIRE,W202036008,967982,,137.8294,-36.57614952,147.2189805,DARTMOUTH RESERVOIR,2019,11,21
BUSHFIRE,2020,8,UPPER MURRAY 8 - ESKDALE - MT ELMO,11/21/2019,20191121,FIRE,W202036008,967982,,0.8071,-36.56756851,147.2258011,DARTMOUTH RESERVOIR,2019,11,21
BUSHFIRE,2020,8,UPPER MURRAY 8 - ESKDALE - MT ELMO,11/21/2019,20191121,FIRE,W202036008,967982,,0.3587,-36.56695842,147.2226091,DARTMOUTH RESERVOIR,2019,11,21
BUSHFIRE,2020,8,UPPER MURRAY 8 - ESKDALE - MT ELMO,11/21/2019,20191121,FIRE,W202036008,967982,,0.5381,-36.56468342,147.2527315,DARTMOUTH RESERVOIR,2019,11,21
BUSHFIRE,2020,8,UPPER MURRAY 8 - ESKDALE - MT ELMO,11/21/2019,20191121,FIRE,W202036008,967982,,33.6312,-36.56037867,147.2594197,DARTMOUTH RESERVOIR,2019,11,21
BUSHFIRE,2020,8,UPPER MURRAY 8 - ESKDALE - MT ELMO,11/21/2019,20191121,FIRE,W202036008,967982,,1.435,-36.55647893,147.2181885,DARTMOUTH RESERVOIR,2019,11,21
BUSHFIRE,2020,8,UPPER MURRAY 8 - ESKDALE - MT ELMO,11/21/2019,20191121,FIRE,W202036008,967982,,5.5188,-36.55666448,147.2003438,DARTMOUTH RESERVOIR,2019,11,21
BUSHFIRE,2020,8,UPPER MURRAY 8 - ESKDALE - MT ELMO,11/21/2019,20191121,FIRE,W202036008,967982,,3.9666,-36.55118872,147.1996897,DARTMOUTH RESERVOIR,2019,11,21
BUSHFIRE,2020,8,UPPER MURRAY 8 - ESKDALE - MT ELMO,11/21/2019,20191121,FIRE,W202036008,967982,,3605.4271,-36.57863907,147.2428626,DARTMOUTH RESERVOIR,2019,11,21
BUSHFIRE,2020,8,UPPER MURRAY 8 - ESKDALE - MT ELMO,11/21/2019,20191121,FIRE,W202036008,967982,,0.1549,-36.53262482,147.2166082,DARTMOUTH RESERVOIR,2019,11,21
BUSHFIRE,2020,81,GOULBURN 81 - STRATHBOGIE EUROA ROAD - BALMATTUM H,1/4/2020,20200104,FIRE,W202037081,971582,,384.5154,-36.75924849,145.5984865,STRATHBOGIE,2020,1,4
BUSHFIRE,2020,9,UPPER MURRAY 9 - GRANITE FLAT - BULL HILL 01,11/21/2019,20191121,FIRE,W202036009,967990,,0.1656,-36.69295756,147.4077905,FALLS CREEK,2019,11,21
BUSHFIRE,2020,9,UPPER MURRAY 9 - GRANITE FLAT - BULL HILL 01,11/21/2019,20191121,FIRE,W202036009,967990,,378.9753,-36.68907227,147.3883494,FALLS CREEK,2019,11,21
BUSHFIRE,2021,12,OVENS 12 - HARRIETVILLE - STONY CREEK RD,12/10/2020,20201210,FIRE,,978921,0,1.4453,-36.85789006,147.0887411,FALLS CREEK,2020,12,10
BUSHFIRE,2021,167,GOULBURN 167 - MERRIJIG - HOWQUA TRK,1/7/2021,20210107,FIRE,W202137167,980354,0,12.559,-37.11540354,146.2738853,MOUNT BULLER,2021,1,7
BUSHFIRE,2021,17,OVENS 17 - WODONGA - SPRING GULLY ROAD,12/8/2020,20201208,FIRE,,979338,0,1.5205,-36.16161844,146.8405493,ALBURY AIRPORT AWS,2020,12,8
BUSHFIRE,2021,1836984,SIMSON RD,11/29/2020,20201129,FIRE,,0,1836984,29.8259,-36.41279212,145.3108254,SHEPPARTON AIRPORT,2020,11,29
BUSHFIRE,2021,1837236,SHEPPARTON,12/1/2020,20201201,FIRE,,0,1837236,23.101,-36.34957247,145.3733727,SHEPPARTON AIRPORT,2020,12,1
BUSHFIRE,2021,1837594,KATANDRA,12/4/2020,20201204,FIRE,W202137077,0,1837594,174.897,-36.28806756,145.6119023,SHEPPARTON AIRPORT,2020,12,4
BUSHFIRE,2021,1838564,LONGWOOD-RUFFY RD,12/11/2020,20201211,FIRE,,0,1838564,1.6348,-36.83683481,145.459736,STRATHBOGIE,2020,12,11
BUSHFIRE,2021,1838651,ARDMONA,12/12/2020,20201212,FIRE,,0,1838651,4.8321,-36.42477052,145.3071238,SHEPPARTON AIRPORT,2020,12,12
BUSHFIRE,2021,1838711,MURRAY VALLEY HWY,12/12/2020,20201212,FIRE,,0,1838711,34.3664,-36.04812149,146.5179606,RUTHERGLEN RESEARCH,2020,12,12
BUSHFIRE,2021,1839080,STEWART RD,12/14/2020,20201214,FIRE,,0,1839080,40.3954,-36.51986261,145.1805254,SHEPPARTON AIRPORT,2020,12,14
BUSHFIRE,2021,1839117,GIRGARRE,12/14/2020,20201214,FIRE,,0,1839117,9.5663,-36.42329694,144.9658582,SHEPPARTON AIRPORT,2020,12,14
BUSHFIRE,2021,1839960,MUCKATAH,12/20/2020,20201220,FIRE,,0,1839960,6.1811,-35.9940445,145.6371634,YARRAWONGA,2020,12,20
BUSHFIRE,2021,1840355,MASONS RD GIRGARRE,12/23/2020,20201223,FIRE,W202121034,0,1839117,17.6364,-36.42006307,145.0246431,SHEPPARTON AIRPORT,2020,12,23
BUSHFIRE,2021,1842581,MERINDA WAY,1/7/2021,20210107,FIRE,,0,1842581,2.4656,-37.08522697,146.0669132,MOUNT BULLER,2021,1,7
BUSHFIRE,2021,1843013,RUSHWORTH-TATURA RD,2/21/2021,20210221,FIRE,,0,1843013,3.6811,-36.50946517,145.116401,SHEPPARTON AIRPORT,2021,2,21
BUSHFIRE,2021,1843084,GLENROWAN WEST RD,1/11/2021,20210111,FIRE,,0,1843084,3.6813,-36.48115011,146.2160762,WANGARATTA AERO,2021,1,11
BUSHFIRE,2021,1843292,DELANEY RD,1/12/2021,20210112,FIRE,,0,1843292,5.4651,-36.17754101,145.5738402,SHEPPARTON AIRPORT,2021,1,12
BUSHFIRE,2021,1844377,BONNIE DOON,1/21/2021,20210121,FIRE,,0,1844377,5.0062,-36.95490961,145.8545045,STRATHBOGIE,2021,1,21
BUSHFIRE,2021,1845989,GODWILLS RD,1/31/2021,20210131,FIRE,,0,1845989,22.3085,-37.12835341,146.083229,MOUNT BULLER,2021,1,31
BUSHFIRE,2021,1848159,TAMLEUGH NORTH,2/19/2021,20210219,FIRE,,0,1848159,15.6446,-36.53778479,145.559679,SHEPPARTON AIRPORT,2021,2,19
BUSHFIRE,2021,1848623,MOOROOPNA NORTH,2/23/2021,20210223,FIRE,,0,1848623,6.1608,-36.30289804,145.3430487,SHEPPARTON AIRPORT,2021,2,23
BUSHFIRE,2021,214,GOULBURN 214 - TATONG TOLMIE ROAD - TATONG TOLMIE ROAD,3/8/2021,20210308,FIRE,W202137214,981624,0,12.8158,-36.79963171,146.1403355,EDI UPPER,2021,3,8
BUSHFIRE,2021,23,UPPER MURRAY 23 - ESKDALE - OMEO HIGHWAY,4/17/2021,20210417,FIRE,W202136023,983378,0,20.918,-36.46800246,147.231198,DARTMOUTH RESERVOIR,2021,4,17
BUSHFIRE,2021,33,TAMBO 33 - OMEO - DEPOT ROAD,1/19/2021,20210119,FIRE,,980733,0,58.4516,-37.10141589,147.6535796,FALLS CREEK,2021,1,19
BUSHFIRE,2021,36,TAMBO 36 - BENAMBRA - LIMESTONE RD,1/24/2021,20210124,FIRE,,980919,0,1.7805,-36.8693308,147.783705,DARTMOUTH RESERVOIR,2021,1,24
BUSHFIRE,2021,69,GOULBURN 69 - MANSFIELD - PAPS LANE,11/27/2020,20201127,FIRE,W202137069,979123,0,13.4916,-37.04551688,145.9944265,STRATHBOGIE,2020,11,27
BUSHFIRE,2021,TAMBO 47,Omeo  Butchers Creek,2/20/2021,20210220,FIRE,,41,0,0.0001,-37.19402049,147.506567,FALLS CREEK,2021,2,20
BUSHFIRE,2021,TAMBO 47,Omeo  Butchers Creek,2/20/2021,20210220,FIRE,,41,0,3.2162,-37.19293349,147.5057066,FALLS CREEK,2021,2,20
BUSHFIRE,2022,106,GOULBURN 106 - WINTON WETLANDS - 11 MILE TK,1/28/2022,20220128,FIRE,W202237106,987371,0,1.4828,-36.4371439,146.1382155,WANGARATTA AERO,2022,1,28
BUSHFIRE,2022,107,MURRINDINDI 107 - KANUMBRA - HOME CREEK,3/30/2022,20220330,FIRE,W202238107,989281,1882322,16.4656,-37.02206847,145.6779568,STRATHBOGIE,2022,3,30
BUSHFIRE,2022,13,UPPER MURRAY 13 - MITTA MITTA - LIMESTONE GAP,3/14/2022,20220314,FIRE,W20223613,988106,0,3.2758,-36.74731348,147.6151756,DARTMOUTH RESERVOIR,2022,3,14
BUSHFIRE,2022,1882289,NAGAMBIE-LOCKSLEY RD,12/2/2021,20211202,FIRE,W2022371882289,1882289,1882289,7.7794,-36.82600424,145.2270278,SHEPPARTON AIRPORT,2021,12,2
BUSHFIRE,2022,1888103,GOULBURN VALLEY HWY,1/8/2022,20220108,FIRE,W2022381888103,1888103,1888103,3.9672,-37.2185515,145.7735713,STRATHBOGIE,2022,1,8
BUSHFIRE,2022,1889153,MIDLAND LINK HWY,1/15/2022,20220115,FIRE,W2022371889153,1889153,1889153,2.0488,-36.98152996,145.9583644,STRATHBOGIE,2022,1,15
BUSHFIRE,2022,1889793,TOOLAMBA,1/20/2022,20220120,FIRE,W2022371889793,1889793,1889793,25.4526,-36.47582125,145.3167247,SHEPPARTON AIRPORT,2022,1,20
BUSHFIRE,2022,1891745,MAINTONGOON CONTROL,1/31/2022,20220131,FIRE,W2022381891745,1891745,1891745,8.9485,-37.03982486,145.8661107,STRATHBOGIE,2022,1,31
BUSHFIRE,2022,1892206,DOOKIE,2/4/2022,20220204,FIRE,W2022371892206,1892206,1892206,4.0821,-36.29918182,145.7276427,YARRAWONGA,2022,2,4
BUSHFIRE,2022,1892320,BARMAH-SHEPPARTON RD,2/5/2022,20220205,FIRE,W2022371892320,1892320,1892320,1.3433,-36.07053565,145.0997754,SHEPPARTON AIRPORT,2022,2,5
BUSHFIRE,2022,1892559,BOXWOOD,2/7/2022,20220207,FIRE,W2022371892559,1892559,1892559,55.4325,-36.30993297,145.7785876,YARRAWONGA,2022,2,7
BUSHFIRE,2022,1894307,LANCASTER RD,2/21/2022,20220221,FIRE,W2022211894307,1890494,1890494,10.3912,-36.31602385,145.1349004,SHEPPARTON AIRPORT,2022,2,21
BUSHFIRE,2022,1898713,POGUE RD,3/28/2022,20220328,FIRE,W2022371898713,1898713,1898713,16.6003,-36.4666688,145.1773149,SHEPPARTON AIRPORT,2022,3,28
BUSHFIRE,2022,1901363,WOOD RD,4/17/2022,20220417,FIRE,W2022371901363,1901521,1901521,1.4229,-36.73141005,145.5064414,STRATHBOGIE,2022,4,17
BUSHFIRE,2022,1901363,WOOD RD,4/17/2022,20220417,FIRE,W2022371901363,1901521,1901521,10.6437,-36.73286986,145.5142329,STRATHBOGIE,2022,4,17
BUSHFIRE,2022,1901363,WOOD RD,4/17/2022,20220417,FIRE,W2022371901363,1901521,1901521,41.5753,-36.72778562,145.5102828,STRATHBOGIE,2022,4,17
BUSHFIRE,2022,1901415,WANGANUI RD,4/17/2022,20220417,FIRE,W2022371901415,1901415,1901415,28.3679,-36.34345726,145.3890508,SHEPPARTON AIRPORT,2022,4,17
BUSHFIRE,2022,32,MACALISTER 32 - 4KM SW OF TOMS CAP - MACALISTER SP,2/6/2022,20220206,FIRE,W20224432,987332,0,12.0863,-37.34455187,146.5652232,MOUNT BULLER,2022,2,6
BUSHFIRE,2022,32,OVENS 32 - GUNDOWRING - JAMISON LANE,3/31/2022,20220331,FIRE,W20223432,989269,0,2.5033,-36.31556167,147.0844159,ALBURY AIRPORT AWS,2022,3,31
BUSHFIRE,2022,53,GOULBURN 54 - MUCKATAH - CASSIDY RD,12/14/2021,20211214,FIRE,W20223753,985739,1884048,73.3978,-36.02102195,145.7266405,YARRAWONGA,2021,12,14
BUSHFIRE,2022,52,GOULBURN 52 - MOORILIM - DOUGLAS RD AND BROWNS RD,12/14/2021,20211214,FIRE,W20223752,985725,0,19.5729,-36.64019073,145.2786333,SHEPPARTON AIRPORT,2021,12,14
BUSHFIRE,2022,54,GOULBURN 54 - KATAMATITE - INVERGORDON CONTROL,12/18/2021,20211218,FIRE,W20223754,985808,1884609,12.7261,-36.13172743,145.6578312,YARRAWONGA,2021,12,18
BUSHFIRE,2022,58,GOULBURN 58 - EUROA - FORLONGE MEMORIAL RD,12/20/2021,20211220,FIRE,W20223758,985875,0,1.1335,-36.82513353,145.6296249,STRATHBOGIE,2021,12,20
BUSHFIRE,2022,60,GOULBURN 60 - LURG - BOSTOCK RD,3/15/2022,20220315,FIRE,W20223760,985928,1885174,1.9173,-36.6097212,146.1548122,BENALLA AIRPORT,2022,3,15
BUSHFIRE,2022,60,MURRINDINDI 60 - BIG RIVER STATE FOREST - DRAY TRA,1/10/2022,20220110,FIRE,W20223860,986609,0,1.2853,-37.44081381,146.072421,MOUNT BULLER,2022,1,10
BUSHFIRE,2022,65,GOULBURN 65 - KOTUPNA - RATHBONES ROAD LOWER GOULB,3/15/2022,20220315,FIRE,W20223765,986029,0,8.4155,-36.17202654,145.2362218,SHEPPARTON AIRPORT,2022,3,15
BUSHFIRE,2022,78,MURRINDINDI 78 - BOONIE DOON _WOOLSHED LANE - 304,1/30/2022,20220130,FIRE,W20223878,987393,1891474,5.713,-37.05279121,145.7899928,STRATHBOGIE,2022,1,30
BUSHFIRE,2023,12,UPPER MURRAY 12 - SANDY CREEK - ONEILL`S LANE,3/10/2023,20230310,FIRE,W202334012,,994036,1.8523,-36.35190905,147.1310604,ALBURY AIRPORT AWS,2023,3,10
BUSHFIRE,2023,15,UPPER MURRAY 15 - SANDY CREEK - WILLIAMS TRACK,4/5/2023,20230405,FIRE,W202334015,,994544,9.5627,-36.34069154,147.1195838,ALBURY AIRPORT AWS,2023,4,5
BUSHFIRE,2023,28,MURRAY GOLDFIELDS 28 - MURCHISON - ANGLE RD,1/9/2023,20230109,FIRE,W202321028,990577,0,5.3604,-36.59285536,145.1765363,SHEPPARTON AIRPORT,2023,1,9
BUSHFIRE,2023,MU 38,MURRINDINDI 38 - AVENEL - TARCOMBE ROAD,2/8/2023,20230208,FIRE,"W202338038
W202338038",991382,0,4.3323,-36.94946572,145.3278197,STRATHBOGIE,2023,2,8
BUSHFIRE,2023,OV 26,OVENS 26 NUG NUG MENZ RD MOORES PADDOCK,1/15/2023,20230115,FIRE,W202334026,990762,,0.3482,-36.66963414,146.7015948,EDI UPPER,2023,1,15
BUSHFIRE,2023,OV 32,OVENS 32 GUNDOWRING - JAMIESON LANE,3/29/2023,20230329,FIRE,W202334032,989269,0,2.5033,-36.31556167,147.0844159,ALBURY AIRPORT AWS,2023,3,29
BUSHFIRE,2023,68,MURRAY GOLDFIELDS 68 - WARANGA SHORES - SLAUGHTERH,2/9/2023,20230209,FIRE,W202321068,0,1934341,10.8554,-36.56805564,145.0411134,SHEPPARTON AIRPORT,2023,2,9
BUSHFIRE,2023,74,"MURRAY GOLDFIELDS 74 - KIRWANS BRIDGE - SNIPEY RD, KIRWANS BRIDGE",2/13/2023,20230213,FIRE,W202321074,0,1934853,9.4919,-36.69260813,145.1364636,SHEPPARTON AIRPORT,2023,2,13
BUSHFIRE,2023,GOULBURN 52,GOULBURN 52 COLLIER RD BALMATTUM,2/2/2023,20230202,FIRE,W202337052,991279,0,8.3572,-36.72850341,145.6214705,STRATHBOGIE,2023,2,2
BUSHFIRE,2023,GOULBURN 75,GOULBURN 75 UPG STATE FOREST,3/5/2023,20230305,FIRE,W202337075,993990,0,0.9815,-37.25125288,146.2490873,MOUNT BULLER,2023,3,5
BUSHFIRE,2023,GOUULBURN 41,GOULBURN 41 KELVIN VIEW ROAD,1/22/2023,20230122,FIRE,W202337041,990958,0,5.0917,-36.85325682,145.6440863,STRATHBOGIE,2023,1,22
BUSHFIRE,2023,MACALISTER 17,MACALISTER 17 - 1KM EAST OF HOWITT ROAD  - HOLMES PLAINS,1/17/2023,20230117,FIRE,W202344017,990817,,0.0001,-37.35973668,146.7942867,MOUNT BULLER,2023,1,17
BUSHFIRE,2023,MACALISTER 17,MACALISTER 17 - 1KM EAST OF HOWITT ROAD  - HOLMES PLAINS,1/17/2023,20230117,FIRE,W202344017,990817,,0.0004,-37.35970251,146.7934592,MOUNT BULLER,2023,1,17
BUSHFIRE,2023,MACALISTER 17,MACALISTER 17 - 1KM EAST OF HOWITT ROAD  - HOLMES PLAINS,1/17/2023,20230117,FIRE,W202344017,990817,,0.0001,-37.35967001,146.7934434,MOUNT BULLER,2023,1,17
BUSHFIRE,2023,MACALISTER 17,MACALISTER 17 - 1KM EAST OF HOWITT ROAD  - HOLMES PLAINS,1/17/2023,20230117,FIRE,W202344017,990817,,0.0005,-37.35963668,146.7949767,MOUNT BULLER,2023,1,17
BUSHFIRE,2023,MACALISTER 17,MACALISTER 17 - 1KM EAST OF HOWITT ROAD  - HOLMES PLAINS,1/17/2023,20230117,FIRE,W202344017,990817,,0.0001,-37.35941001,146.7947834,MOUNT BULLER,2023,1,17
BUSHFIRE,2023,MACALISTER 17,MACALISTER 17 - 1KM EAST OF HOWITT ROAD  - HOLMES PLAINS,1/17/2023,20230117,FIRE,W202344017,990817,,0.0005,-37.35916001,146.7917234,MOUNT BULLER,2023,1,17
BUSHFIRE,2023,MACALISTER 17,MACALISTER 17 - 1KM EAST OF HOWITT ROAD  - HOLMES PLAINS,1/17/2023,20230117,FIRE,W202344017,990817,,0.0001,-37.35861668,146.7965034,MOUNT BULLER,2023,1,17
BUSHFIRE,2023,MACALISTER 17,MACALISTER 17 - 1KM EAST OF HOWITT ROAD  - HOLMES PLAINS,1/17/2023,20230117,FIRE,W202344017,990817,,4.4703,-37.35897521,146.7939161,MOUNT BULLER,2023,1,17
BUSHFIRE,2023,MU 44,MURRINDINDI 44 LAKE EILDON NP BALD HILL,2/18/2023,20230218,FIRE,W202338044,992627,0,1.7811,-37.29356706,146.0849315,MOUNT BULLER,2023,2,18
BUSHFIRE,2023,MU 49,MURRINDINDI 49 - MAINTONGOON - CLARRIES TRK,3/1/2023,20230301,FIRE,W202338049,992930,0,157.0164,-37.11561932,145.7949143,STRATHBOGIE,2023,3,1
BUSHFIRE,2023,MUI 34,MURRINDINDI 34 GOBUR KANUMBRA RD,2/5/2023,20230205,FIRE,W202338034,991304,1933866,20.294,-36.99770968,145.6115967,STRATHBOGIE,2023,2,5
BUSHFIRE,2023,UM 4,UPPER MURRAY 4  THOLOGOLONG KURRAJONGS CAMP,1/12/2023,20230112,FIRE,W202336004,990681,0,2.2433,-35.9569341,147.4202855,HUNTERS HILL,2023,1,12
BUSHFIRE,2023,UM 5,UPPER MURRAY 5 DARTMOUTH ITALIAN POINT,1/19/2023,20230119,FIRE,W202336005,990795,0,2.7042,-36.72077122,147.6408134,DARTMOUTH RESERVOIR,2023,1,19
